{"parameter:Real:chr_flow_nom": 414.16710986646865, "parameter:Real:chr_dp_nom": 259221.82382482226}