{"parameter:Real:chr_flow_nom": 492.0131908493828, "parameter:Real:chr_dp_nom": 152040.8830889305}