{"parameter:Real:chr_flow_nom": 312.33664201759825, "parameter:Real:chr_dp_nom": 75757.67734936866}