nan,nan,nan,nan,nan,nan,nan,nan,nan,nan,nan,nan,nan,nan,nan,nan,nan,nan,nan,nan,nan,nan,nan,nan,nan
8.589363822409744671e+02,4.121161515394587768e+05,8.874999999997670308e-01,5.000000000000000000e+05,5.833746113484564557e+04,2.609979195538176864e+05,2.609958127784826793e+05,-7.262154013430082705e+04,3.305369246573753771e+05,8.119008876360207069e+03,1.274984027927639363e+04,3.193353806886632228e+05,3.193333002424808801e+05,-2.904776459720795900e-01,4.123544428863135981e+05,4.123705541277491138e+05,-1.611124143551760923e+01,2.245526310314836883e+04,4.121161515394587768e+05,1.511161515394587477e+05,1.024731330850785156e+02,2.393979298951762473e+02,-1.599338626357681203e+00,2.393979298951762473e+02,1.000000000000000222e+00
nan,nan,nan,nan,nan,nan,nan,nan,nan,nan,nan,nan,nan,nan,nan,nan,nan,nan,nan,nan,nan,nan,nan,nan,nan
nan,nan,nan,nan,nan,nan,nan,nan,nan,nan,nan,nan,nan,nan,nan,nan,nan,nan,nan,nan,nan,nan,nan,nan,nan
