nan,nan,nan,nan,nan,nan,nan,nan,nan,nan,nan,nan,nan,nan,nan,nan,nan,nan,nan,nan,nan,nan,nan,nan,nan
8.761971812975065177e+02,4.154798384858981008e+05,4.937500000400409927e-01,5.000000000000000000e+05,6.242796740692193998e+04,2.609978353918504436e+05,2.609956366066650662e+05,-6.907382837083587947e+04,3.268577766749734874e+05,2.180867242547545288e+02,3.284797985770081254e+02,3.234258027987724636e+05,3.234236381906229071e+05,-2.884363541943583131e-01,4.157398499069742975e+05,4.157445326272561797e+05,-4.682720281943027807e+00,6.572877820249446813e+03,4.154798384858981008e+05,1.544798384858980717e+05,1.060048778747749196e+02,2.444452128056365723e+02,-1.588099493732344047e+00,2.444452128056365723e+02,1.000000000000000000e+00
nan,nan,nan,nan,nan,nan,nan,nan,nan,nan,nan,nan,nan,nan,nan,nan,nan,nan,nan,nan,nan,nan,nan,nan,nan
nan,nan,nan,nan,nan,nan,nan,nan,nan,nan,nan,nan,nan,nan,nan,nan,nan,nan,nan,nan,nan,nan,nan,nan,nan
