{"parameter:Real:chr_flow_nom": 706.7731668511328, "parameter:Real:chr_dp_nom": 223533.525336847}