{"parameter:Real:chr_flow_nom": 770.5713619296204, "parameter:Real:chr_dp_nom": 200982.7111887148}