{"parameter:Real:chr_flow_nom": 964.5909448931465, "parameter:Real:chr_dp_nom": 264234.62027586094}