{"parameter:Real:chr_flow_nom": 460.1138937557963, "parameter:Real:chr_dp_nom": 108492.6544523241}