{"parameter:Real:chr_flow_nom": 460.0520288675445, "parameter:Real:chr_dp_nom": 209640.178691204}