{"parameter:Real:chr_flow_nom": 628.0346442320947, "parameter:Real:chr_dp_nom": 125551.88534074949}