{"parameter:Real:chr_flow_nom": 526.6416959262369, "parameter:Real:chr_dp_nom": 258238.16891828185}