{"parameter:Real:chr_flow_nom": 661.0926589994235, "parameter:Real:chr_dp_nom": 286077.83032138005}