{"parameter:Real:chr_flow_nom": 946.0556772470987, "parameter:Real:chr_dp_nom": 279184.33979211765}