{"parameter:Real:chr_flow_nom": 487.97556001220556, "parameter:Real:chr_dp_nom": 249200.44403813814}