{"parameter:Real:chr_flow_nom": 838.5593634764762, "parameter:Real:chr_dp_nom": 268225.92430381576}