nan,nan,nan,nan,nan,nan,nan,nan,nan,nan,nan,nan,nan,nan,nan,nan,nan,nan,nan,nan,nan,nan,nan,nan,nan
7.653072395392431417e+02,4.115227316710458254e+05,4.375000000000039968e-01,5.000000000000000000e+05,7.214359365317577613e+04,2.609983434613110730e+05,2.609965793137894943e+05,-8.704872976693567762e+04,3.454667638253987534e+05,9.744517256493236346e+03,1.828093470399868966e+04,3.331419371144866454e+05,3.331402805757977185e+05,-2.478981868239671926e-01,4.116712071868160274e+05,4.117252977040632977e+05,-5.409051724734229083e+01,8.836005973900495155e+04,4.115227316710458254e+05,1.505227316710458545e+05,1.139554599726210427e+02,2.190293026853341587e+02,-1.364900711257183152e+00,2.190293026853341587e+02,1.000000000000000000e+00
nan,nan,nan,nan,nan,nan,nan,nan,nan,nan,nan,nan,nan,nan,nan,nan,nan,nan,nan,nan,nan,nan,nan,nan,nan
1.601206642350644870e+03,4.535626990741500631e+05,8.312499999999640732e-01,5.000000000000000000e+05,7.594897921668090567e+04,2.709927718630562304e+05,2.709860438304803101e+05,-9.023832523111984483e+04,3.587540968103025807e+05,9.335345397286395382e+03,1.828093470399868966e+04,3.469417510797370924e+05,3.469345229427933227e+05,-2.066764478777522745e+05,5.524763945852746256e+05,4.544465752169737825e+05,9.802981936830078484e+04,8.836005973900495155e+04,4.535626990741500631e+05,1.825626990741500922e+05,1.169222658820917786e+02,2.143814734406398941e+02,2.643777013552078756e+02,2.143814734406398941e+02,1.000000000000000000e+00
