nan,nan,nan,nan,nan,nan,nan,nan,nan,nan,nan,nan,nan,nan,nan,nan,nan,nan,nan,nan,nan,nan,nan,nan,nan
7.510738740681566696e+02,4.140419630243710126e+05,4.250000000004875989e-01,5.000000000000000000e+05,4.637199855897492671e+04,2.609984029599076021e+05,2.609967812078715651e+05,-9.312196080137963872e+04,3.517468360085696913e+05,4.200290668953164277e+04,8.566327976954611950e+04,3.073704015188824269e+05,3.073688044787900290e+05,-3.298999508219280785e-01,4.142255778261505766e+05,4.142372534080225159e+05,-1.167558187194069674e+01,1.432467258717939148e+04,4.140419630243710126e+05,1.530419630243710126e+05,9.136169733873975929e+01,2.100697789432471723e+02,-1.816393590003561265e+00,2.100697789432471723e+02,1.000000000000000000e+00
nan,nan,nan,nan,nan,nan,nan,nan,nan,nan,nan,nan,nan,nan,nan,nan,nan,nan,nan,nan,nan,nan,nan,nan,nan
1.827356814074243175e+03,4.547672818794791820e+05,9.437499999997851496e-01,5.000000000000000000e+05,1.730825923176769720e+04,2.709905859105608542e+05,2.709825136779220775e+05,-7.579237935683564865e+04,3.438082561015554820e+05,5.253470173405305104e+04,8.566327976954611950e+04,2.882988451423287042e+05,2.882894310528896167e+05,-1.895852896700620768e+05,4.764116783722473192e+05,4.559184622080224799e+05,2.049321616422483203e+04,1.432467258717939148e+04,4.547672818794791820e+05,1.837672818794792111e+05,5.459516312535379257e+01,2.349346318576995145e+02,3.002177943013064123e+02,2.349346318576995145e+02,1.000000000000000000e+00
