{"parameter:Real:chr_flow_nom": 138.8426699556474, "parameter:Real:chr_dp_nom": 215079.60945459222}