{"parameter:Real:chr_flow_nom": 995.0402328247077, "parameter:Real:chr_dp_nom": 17118.485764101486}