{"parameter:Real:chr_flow_nom": 381.0692899733071, "parameter:Real:chr_dp_nom": 159609.34792101482}