{"parameter:Real:chr_flow_nom": 563.4669600149499, "parameter:Real:chr_dp_nom": 209522.89977237684}