{"parameter:Real:chr_flow_nom": 917.0518953440717, "parameter:Real:chr_dp_nom": 31202.775821290517}