{"parameter:Real:chr_flow_nom": 548.7047840260473, "parameter:Real:chr_dp_nom": 246909.076417907}