{"parameter:Real:chr_flow_nom": 275.26200140667066, "parameter:Real:chr_dp_nom": 133240.18609014485}