{"parameter:Real:chr_flow_nom": 102.74644415364227, "parameter:Real:chr_dp_nom": 287658.07099984575}