{"parameter:Real:chr_flow_nom": 626.7705202787706, "parameter:Real:chr_dp_nom": 88206.01260019038}