{"parameter:Real:chr_flow_nom": 964.6760279275974, "parameter:Real:chr_dp_nom": 63542.213066845114}