{"parameter:Real:chr_flow_nom": 673.7959105911863, "parameter:Real:chr_dp_nom": 178056.69875932293}