{"parameter:Real:chr_flow_nom": 458.35091039769475, "parameter:Real:chr_dp_nom": 12058.738801514257}