{"parameter:Real:chr_flow_nom": 828.4728258392613, "parameter:Real:chr_dp_nom": 176496.2389972575}