{"parameter:Real:chr_flow_nom": 195.5374571806874, "parameter:Real:chr_dp_nom": 87621.48560940383}