{"parameter:Real:chr_flow_nom": 532.7498639401545, "parameter:Real:chr_dp_nom": 154195.31724823057}