nan,nan,nan,nan,nan,nan,nan,nan,nan,nan,nan,nan,nan,nan,nan,nan,nan,nan,nan,nan,nan,nan,nan,nan,nan
7.630788797274783519e+02,4.124514107355677988e+05,1.812499997774695004e-01,5.000000000000000000e+05,4.716920129528592224e+04,2.609983528635696857e+05,2.609966824712617963e+05,-9.100992819519275508e+04,3.495625871452722349e+05,3.894933902404580294e+04,7.709168482505783322e+04,3.081675541588558117e+05,3.081659070224254974e+05,-3.232107261865038161e-01,4.126442451154561131e+05,4.126528270349616068e+05,-8.581919505445224416e+00,1.074749754131846748e+04,4.124514107355677988e+05,1.514514107355677697e+05,9.214367169345632647e+01,2.132394394126436907e+02,-1.779563439772841704e+00,2.132394394126436907e+02,1.000000000000000000e+00
nan,nan,nan,nan,nan,nan,nan,nan,nan,nan,nan,nan,nan,nan,nan,nan,nan,nan,nan,nan,nan,nan,nan,nan,nan
1.875164350650408096e+03,4.531577901806734735e+05,4.062500000050743854e-01,5.000000000000000000e+05,1.597349043979478483e+04,2.709900868818627205e+05,2.709816208698822302e+05,-7.178828113296581432e+04,3.396590577873534057e+05,4.957617017600381951e+04,7.709168482505783322e+04,2.869635773216576199e+05,2.869536642035202822e+05,-1.851552463286521961e+05,4.705676491411519237e+05,4.543699930886572693e+05,1.619765605249467444e+04,1.074749754131846748e+04,4.531577901806734735e+05,1.821577901806734735e+05,5.214372722834514207e+01,2.405769269627128892e+02,3.081386181474488808e+02,2.405769269627128892e+02,1.000000000000000000e+00
