{"parameter:Real:chr_flow_nom": 717.4896316791722, "parameter:Real:chr_dp_nom": 150712.96891415477}