nan,nan,nan,nan,nan,nan,nan,nan,nan,nan,nan,nan,nan,nan,nan,nan,nan,nan,nan,nan,nan,nan,nan,nan,nan
8.582750475067044817e+02,4.118551177423194749e+05,4.937500000061360028e-01,5.000000000000000000e+05,6.520790337411498331e+04,2.609979227420840762e+05,2.609957931290273264e+05,-7.177248248444382625e+04,3.296568524222493870e+05,3.374734395433484337e+02,5.246785864504429355e+02,3.262058261161991977e+05,3.262037488582832739e+05,-2.696501471640020964e-01,4.120822405431538937e+05,4.121091304607641068e+05,-2.688991761013430448e+01,4.037799882306696236e+04,4.118551177423194749e+05,1.508551177423195040e+05,1.083393862237584244e+02,2.405993134454905658e+02,-1.484664661610051173e+00,2.405993134454905658e+02,1.000000000000000222e+00
nan,nan,nan,nan,nan,nan,nan,nan,nan,nan,nan,nan,nan,nan,nan,nan,nan,nan,nan,nan,nan,nan,nan,nan,nan
1.863714612126409975e+03,4.546309289000462741e+05,9.718750000000058176e-01,5.000000000000000000e+05,6.145312252401558362e+04,2.709902075711106881e+05,2.709813723205086426e+05,-6.830397236597831943e+04,3.360445099336314597e+05,3.515097702310051204e+02,5.246785864504429355e+02,3.324433300951262936e+05,3.324335376662369817e+05,-1.855274675563357887e+05,5.164262328527767095e+05,4.558283736002413789e+05,6.059785925253535243e+04,4.037799882306696236e+04,4.546309289000462741e+05,1.836309289000462741e+05,1.051739609139201548e+02,2.455518922403006457e+02,3.074892710994800495e+02,2.455518922403006457e+02,9.999999999999997780e-01
