{"parameter:Real:chr_flow_nom": 673.0409962250337, "parameter:Real:chr_dp_nom": 142720.25380342858}