{"parameter:Real:chr_flow_nom": 311.7326426177026, "parameter:Real:chr_dp_nom": 18769.72973508977}