{"parameter:Real:chr_flow_nom": 381.5752668696634, "parameter:Real:chr_dp_nom": 238846.72775114156}