nan,nan,nan,nan,nan,nan,nan,nan,nan,nan,nan,nan,nan,nan,nan,nan,nan,nan,nan,nan,nan,nan,nan,nan,nan
8.683929889837239671e+02,4.140749030171488994e+05,4.937499999999745981e-01,5.000000000000000000e+05,6.227008881447261956e+04,2.609978736698325665e+05,2.609957102570226125e+05,-7.043024260813098226e+04,3.282650117989352439e+05,1.833944772383048303e+03,2.806613958223130339e+03,3.232679624843050842e+05,3.232658361541376798e+05,-2.847659769591153189e-01,4.143172821217376622e+05,4.143349164232831099e+05,-1.763430154547506135e+01,2.507190097602798414e+04,4.140749030171488994e+05,1.530749030171488994e+05,1.058707513272909182e+02,2.425063086049075878e+02,-1.567890792074825512e+00,2.425063086049075878e+02,1.000000000000000222e+00
nan,nan,nan,nan,nan,nan,nan,nan,nan,nan,nan,nan,nan,nan,nan,nan,nan,nan,nan,nan,nan,nan,nan,nan,nan
nan,nan,nan,nan,nan,nan,nan,nan,nan,nan,nan,nan,nan,nan,nan,nan,nan,nan,nan,nan,nan,nan,nan,nan,nan
