{"parameter:Real:chr_flow_nom": 661.6126965417152, "parameter:Real:chr_dp_nom": 65228.55871879825}