{"parameter:Real:chr_flow_nom": 864.6657868602716, "parameter:Real:chr_dp_nom": 287367.2239411571}