nan,nan,nan,nan,nan,nan,nan,nan,nan,nan,nan,nan,nan,nan,nan,nan,nan,nan,nan,nan,nan,nan,nan,nan,nan
8.083288378069363489e+02,4.095110544629871147e+05,4.656249991911221020e-01,5.000000000000000000e+05,7.233036096330378496e+04,2.609981556277922355e+05,2.609962156549673236e+05,-7.954248738795093959e+04,3.377034298151872936e+05,1.537699966829846289e+03,2.623551020211801188e+03,3.333285165910962387e+05,3.333266722188884742e+05,-2.414153058916808925e-01,4.096888024332788773e+05,4.097365892869122908e+05,-4.778685363339612735e+01,8.016163605346254189e+04,4.095110544629871147e+05,1.485110544629870565e+05,1.141028701365337383e+02,2.296742463946224291e+02,-1.329206667227097238e+00,2.296742463946224291e+02,1.000000000000000000e+00
nan,nan,nan,nan,nan,nan,nan,nan,nan,nan,nan,nan,nan,nan,nan,nan,nan,nan,nan,nan,nan,nan,nan,nan,nan
1.658251018348628349e+03,4.545167856072692666e+05,8.593750000036556314e-01,5.000000000000000000e+05,7.845882185879419558e+04,2.709922476717862301e+05,2.709850499475495890e+05,-8.518933805126341758e+04,3.535326862485824386e+05,1.432717190700851688e+03,2.623551020211801188e+03,3.494510695305800182e+05,3.494433172023662482e+05,-2.026404648871587706e+05,5.508666938080501277e+05,4.554647612769100815e+05,9.540193253114010440e+04,8.016163605346254189e+04,4.545167856072692666e+05,1.835167856072692666e+05,1.188384951713162394e+02,2.216954263082954810e+02,2.738224307471263046e+02,2.216954263082954810e+02,1.000000000000000000e+00
