nan,nan,nan,nan,nan,nan,nan,nan,nan,nan,nan,nan,nan,nan,nan,nan,nan,nan,nan,nan,nan,nan,nan,nan,nan
8.064419096447496713e+02,4.107595939327907981e+05,4.656249999922988936e-01,5.000000000000000000e+05,5.425750517992192181e+04,2.609981641162982269e+05,2.609962951932851865e+05,-8.244157200883177575e+04,3.407024301234474988e+05,2.270945477083606238e+04,4.015991679485533678e+04,3.152556692962202360e+05,3.152538334125184920e+05,-2.982227818047125112e-01,4.109595414015231072e+05,4.109840907592345611e+05,-2.454935771146953272e+01,3.332575709538828232e+04,4.107595939327907981e+05,1.497595939327907981e+05,9.882484977163358053e+01,2.255943436048456761e+02,-1.641982509889798436e+00,2.255943436048456761e+02,1.000000000000000000e+00
nan,nan,nan,nan,nan,nan,nan,nan,nan,nan,nan,nan,nan,nan,nan,nan,nan,nan,nan,nan,nan,nan,nan,nan,nan
1.811512425105139073e+03,4.549857812942625023e+05,9.437500000081779916e-01,5.000000000000000000e+05,4.314550821060468297e+04,2.709907484555370756e+05,2.709825237872088910e+05,-7.427964662595599657e+04,3.422416066518237931e+05,2.507656149560164340e+04,4.015991679485533678e+04,3.141362566661413293e+05,3.141270051216784050e+05,-1.905487109396310116e+05,5.032299727889530477e+05,4.561170851833148045e+05,4.711288760563828691e+04,3.332575709538828232e+04,4.549857812942625023e+05,1.839857812942624732e+05,8.812579560778112864e+01,2.370603085792807860e+02,2.984376221147570618e+02,2.370603085792807860e+02,1.000000000000000000e+00
