{"parameter:Real:chr_flow_nom": 452.73501484678457, "parameter:Real:chr_dp_nom": 194957.06468150305}