nan,nan,nan,nan,nan,nan,nan,nan,nan,nan,nan,nan,nan,nan,nan,nan,nan,nan,nan,nan,nan,nan,nan,nan,nan
8.260086647278837972e+02,4.155735423916683067e+05,4.656249999919698790e-01,5.000000000000000000e+05,5.737413961484048195e+04,2.609980749901862000e+05,2.609961131980835926e+05,-7.853068231672508409e+04,3.366563633256964968e+05,1.541175468204655590e+04,2.597273128347257079e+04,3.183722146050267038e+05,3.183702895952129038e+05,-3.031534978245721823e-01,4.157933799855657271e+05,4.158089378002447193e+05,-1.555781467899876169e+01,2.077557073190843948e+04,4.155735423916683067e+05,1.545735423916683067e+05,1.016235461429647557e+02,2.310939028761234795e+02,-1.669130501122556343e+00,2.310939028761234795e+02,1.000000000000000222e+00
nan,nan,nan,nan,nan,nan,nan,nan,nan,nan,nan,nan,nan,nan,nan,nan,nan,nan,nan,nan,nan,nan,nan,nan,nan
1.916443794137087025e+03,4.566223967310168082e+05,9.859375000000319966e-01,5.000000000000000000e+05,4.067833087421659002e+04,2.709896456276271492e+05,2.709805106128082843e+05,-6.540561588498237688e+04,3.330330877289980417e+05,1.800293737648194656e+04,2.597273128347257079e+04,3.116679765018440085e+05,3.116576221294712159e+05,-1.807103621090158995e+05,4.907503874959031236e+05,4.578885574008382391e+05,3.286183009506487724e+04,2.077557073190843948e+04,4.566223967310168082e+05,1.856223967310168373e+05,8.556661131679379650e+01,2.497664660058533741e+02,3.156771251245246503e+02,2.497664660058533741e+02,1.000000000000001110e+00
