{"parameter:Real:chr_flow_nom": 521.8137564745764, "parameter:Real:chr_dp_nom": 209680.72371765276}