{"parameter:Real:chr_flow_nom": 874.8351589780453, "parameter:Real:chr_dp_nom": 267211.55181667255}