{"parameter:Real:chr_flow_nom": 380.4307860252991, "parameter:Real:chr_dp_nom": 198329.10727516346}