{"parameter:Real:chr_flow_nom": 926.23923569177, "parameter:Real:chr_dp_nom": 132626.63872152584}