{"parameter:Real:chr_flow_nom": 284.0334660037514, "parameter:Real:chr_dp_nom": 220877.5215562437}