{"parameter:Real:chr_flow_nom": 763.2595309760412, "parameter:Real:chr_dp_nom": 212294.3962280189}