nan,nan,nan,nan,nan,nan,nan,nan,nan,nan,nan,nan,nan,nan,nan,nan,nan,nan,nan,nan,nan,nan,nan,nan,nan
7.324520020384206873e+02,4.083631060089020175e+05,4.250000000049938831e-01,5.000000000000000000e+05,5.052151720914072212e+04,2.609984788045847963e+05,2.609969116204449092e+05,-9.549328375894532655e+04,3.542000046875702101e+05,4.038825075208109047e+04,8.530926989252827480e+04,3.115199960137254093e+05,3.115184748183102347e+05,-3.020271470545087822e-01,4.085486713584680692e+05,4.085491219002069556e+05,-4.505417388942764001e-01,6.038918454991496674e+02,4.083631060089020175e+05,1.473631060089019302e+05,9.536180104027675952e+01,2.064194726121833128e+02,-1.662928935121283702e+00,2.064194726121833128e+02,1.000000000000000000e+00
nan,nan,nan,nan,nan,nan,nan,nan,nan,nan,nan,nan,nan,nan,nan,nan,nan,nan,nan,nan,nan,nan,nan,nan,nan
1.910445846565907004e+03,4.573353472266896861e+05,9.859374999992216448e-01,5.000000000000000000e+05,8.102392894278392305e+03,2.709897103389397962e+05,2.709810943688921980e+05,-7.028888751687767217e+04,3.381037867002448766e+05,5.583687224813023204e+04,8.530926989252827480e+04,2.790921032332182513e+05,2.790818135721580475e+05,-1.820483904106178670e+05,4.595353644449252170e+05,4.585935948221083381e+05,9.417696228168235848e+02,6.038918454991496674e+02,4.573353472266896861e+05,1.863353472266896861e+05,3.385646523253763007e+01,2.427077720321962886e+02,3.134487035055302044e+02,2.427077720321962886e+02,1.000000000000000000e+00
