{"parameter:Real:chr_flow_nom": 610.8839252031088, "parameter:Real:chr_dp_nom": 203910.08491105016}