{"parameter:Real:chr_flow_nom": 502.07645439929945, "parameter:Real:chr_dp_nom": 55346.02658694458}