{"parameter:Real:chr_flow_nom": 521.2684702440501, "parameter:Real:chr_dp_nom": 125153.45592068514}