{"parameter:Real:chr_flow_nom": 398.22209291225766, "parameter:Real:chr_dp_nom": 79515.08335017606}