{"parameter:Real:chr_flow_nom": 782.4995033112742, "parameter:Real:chr_dp_nom": 162272.33249099058}