{"parameter:Real:chr_flow_nom": 306.0323425844616, "parameter:Real:chr_dp_nom": 223978.6621244592}