nan,nan,nan,nan,nan,nan,nan,nan,nan,nan,nan,nan,nan,nan,nan,nan,nan,nan,nan,nan,nan,nan,nan,nan,nan
7.942536960988148849e+02,4.136718092116995831e+05,4.093749999998664846e-01,5.000000000000000000e+05,7.498739397926010133e+04,2.609982183955991932e+05,2.609963282434174034e+05,-8.166304032934729184e+04,3.398972352703827200e+05,1.147599385716948291e+03,2.009826181702148006e+03,3.359856123748592800e+05,3.359838307704585022e+05,-2.458876952793986881e-01,4.138411061784618068e+05,4.138896686183554120e+05,-4.856243989364360658e+01,7.997910237724467879e+04,4.136718092116995831e+05,1.526718092116995831e+05,1.161797353942021260e+02,2.266925034459818846e+02,-1.353831161397559546e+00,2.266925034459818846e+02,1.000000000000000000e+00
1.462710288538011127e+03,3.644553824792727246e+05,9.437500000728223926e-01,5.000000000000000000e+05,5.048767700857618911e+04,2.669939681818692479e+05,2.669884355231244117e+05,8.357658480766292771e-44,3.174871778491903096e+05,5.407423376599739529e-43,2.009826181702148006e+03,3.174816451904454734e+05,3.174756133723147213e+05,-1.884089404581202543e+05,5.041082995785013190e+05,3.651929695207313052e+05,1.389153300577700720e+05,7.997910237724467879e+04,3.644553824792727246e+05,9.745538247927272459e+04,9.532985818485053642e+01,7.174648137343064996e-43,3.307962260824164673e+02,7.174648137343064996e-43,0.000000000000000000e+00
1.654932997917201192e+03,4.559867036172971129e+05,7.749999999991561417e-01,5.000000000000000000e+05,7.906554339398280717e+04,2.709922786642584251e+05,2.709851040843084920e+05,-8.544025196121189219e+04,3.537921855931004393e+05,1.094018449826177175e+03,2.009826181702148006e+03,3.500578220582410577e+05,3.500501007224994246e+05,-2.028877396348189213e+05,5.517257369069776032e+05,4.569308894435879192e+05,9.479484746338980040e+04,7.997910237724467879e+04,4.559867036172971129e+05,1.849867036172971711e+05,1.192970989207906456e+02,2.213371574026297708e+02,2.732611078405412854e+02,2.213371574026297708e+02,1.000000000000000000e+00
