{"parameter:Real:chr_flow_nom": 232.04097161341153, "parameter:Real:chr_dp_nom": 23970.56043366195}