{"parameter:Real:chr_flow_nom": 144.67955691958667, "parameter:Real:chr_dp_nom": 246778.85051901653}