nan,nan,nan,nan,nan,nan,nan,nan,nan,nan,nan,nan,nan,nan,nan,nan,nan,nan,nan,nan,nan,nan,nan,nan,nan
7.734751573961830218e+02,4.114469424778593238e+05,7.749999999973884446e-01,5.000000000000000000e+05,7.061794576333953592e+04,2.609983087215583946e+05,2.609965168850802002e+05,-8.584268162422826572e+04,3.442197042409802089e+05,9.982163598886076215e+03,1.843402012030968035e+04,3.316162544848979451e+05,3.316145632064564270e+05,-2.522397516195858946e-01,4.116032975527048111e+05,4.116537565818260191e+05,-5.045902912127728257e+01,8.100717756218233262e+04,4.114469424778593238e+05,1.504469424778592947e+05,1.127440918070704043e+02,2.207616176715525569e+02,-1.388804899316924635e+00,2.207616176715525569e+02,1.000000000000000000e+00
nan,nan,nan,nan,nan,nan,nan,nan,nan,nan,nan,nan,nan,nan,nan,nan,nan,nan,nan,nan,nan,nan,nan,nan,nan
nan,nan,nan,nan,nan,nan,nan,nan,nan,nan,nan,nan,nan,nan,nan,nan,nan,nan,nan,nan,nan,nan,nan,nan,nan
