{"parameter:Real:chr_flow_nom": 297.6349724540697, "parameter:Real:chr_dp_nom": 253070.29362946132}