{"parameter:Real:chr_flow_nom": 735.5179300673591, "parameter:Real:chr_dp_nom": 252022.05353651775}