{"parameter:Real:chr_flow_nom": 461.73428879015665, "parameter:Real:chr_dp_nom": 94637.21271345713}