nan,nan,nan,nan,nan,nan,nan,nan,nan,nan,nan,nan,nan,nan,nan,nan,nan,nan,nan,nan,nan,nan,nan,nan,nan
8.899745242898366087e+02,4.120679137972535100e+05,1.703124999934232942e-01,5.000000000000000000e+05,6.035438987701862061e+04,2.609977669181056845e+05,2.609955140879824467e+05,-6.702146332518151030e+04,3.247269862597861793e+05,8.258541536078828926e+01,1.214287302240494739e+02,3.213521567951244069e+05,3.213499237132300623e+05,-2.845792276305861845e-01,4.123371112941061729e+05,4.123409810933938716e+05,-3.869799287721555903e+00,5.505576961718058556e+03,4.120679137972535100e+05,1.510679137972534518e+05,1.042295072321814047e+02,2.474071272877955039e+02,-1.566862570389939924e+00,2.474071272877955039e+02,1.000000000000000000e+00
1.903010537670093527e+03,3.594790357821547077e+05,4.656249999641676740e-01,5.000000000000000000e+05,5.946155142450752464e+03,2.669897902762269368e+05,2.669813009339262499e+05,4.789333356937238048e-29,2.729444347609783290e+05,1.872163502827118866e-29,1.214287302240494739e+02,2.729359454186776420e+05,2.729257356949045788e+05,-1.064517766235183954e+05,3.764559546411173069e+05,3.607275084298143047e+05,1.572844621130308587e+04,5.505576961718058556e+03,3.594790357821547077e+05,9.247903578215472226e+04,2.695131504510618470e+01,4.111412511954449594e-28,4.242435158142304772e+02,4.111412511954449594e-28,0.000000000000000000e+00
2.106612896075903791e+03,4.579536210592517164e+05,3.625000000939189171e-01,5.000000000000000000e+05,4.111093695296612714e+04,2.709874887390324729e+05,2.709765313040799811e+05,-4.926790992161160830e+04,3.162273310019708006e+05,1.008375709568223186e+02,1.214287302240494739e+02,3.120984256919985637e+05,3.120859144310310367e+05,-1.598849986714413681e+05,4.700147416918671806e+05,4.594835319023797638e+05,1.053120978948739685e+04,5.505576961718058556e+03,4.579536210592517164e+05,1.869536210592516873e+05,8.602114782597482190e+01,2.733831326309140763e+02,3.471454158567250943e+02,2.733831326309140763e+02,1.000000000000000000e+00
