{"parameter:Real:chr_flow_nom": 422.6917797706359, "parameter:Real:chr_dp_nom": 162400.02065574308}