{"parameter:Real:chr_flow_nom": 270.43749331941194, "parameter:Real:chr_dp_nom": 53820.164621893804}