nan,nan,nan,nan,nan,nan,nan,nan,nan,nan,nan,nan,nan,nan,nan,nan,nan,nan,nan,nan,nan,nan,nan,nan,nan
8.763720795355036444e+02,4.089740097269436228e+05,1.937499999754936919e-01,5.000000000000000000e+05,5.935213143167959788e+04,2.609978345297712658e+05,2.609956467806400906e+05,-6.946944211497396464e+04,3.272682792120891390e+05,3.719315754046050188e+03,5.628064862868583077e+03,3.203499659614508273e+05,3.203478004912221222e+05,-2.784731160394625094e-01,4.092387791877904092e+05,4.092388092856768053e+05,-3.009788637348160059e-02,4.376090228049223185e+01,4.089740097269436228e+05,1.479740097269435937e+05,1.033604549994935269e+02,2.438783412923596927e+02,-1.533242977763961790e+00,2.438783412923596927e+02,1.000000000000000000e+00
nan,nan,nan,nan,nan,nan,nan,nan,nan,nan,nan,nan,nan,nan,nan,nan,nan,nan,nan,nan,nan,nan,nan,nan,nan
2.146700293165548828e+03,4.556293039953822736e+05,4.250000001233023017e-01,5.000000000000000000e+05,3.345694641514364776e+04,2.709870080471071997e+05,2.709757323812442482e+05,-4.655864066995715984e+04,3.133999125821363414e+05,4.810221902268176564e+03,5.628064862868583077e+03,3.044439544622509857e+05,3.044309625093581853e+05,-1.549048483147137158e+05,4.573049003100132104e+05,4.572179951477518771e+05,8.690516226131589406e+01,4.376090228049223185e+01,4.556293039953822736e+05,1.846293039953822445e+05,7.754561947133788635e+01,2.773475050642925339e+02,3.537149165904388042e+02,2.773475050642925339e+02,9.999999999999997780e-01
