{"parameter:Real:chr_flow_nom": 359.1854911724172, "parameter:Real:chr_dp_nom": 60592.95910108774}