nan,nan,nan,nan,nan,nan,nan,nan,nan,nan,nan,nan,nan,nan,nan,nan,nan,nan,nan,nan,nan,nan,nan,nan,nan
8.168612501271929887e+02,4.140085276557956240e+05,4.656250000000820011e-01,5.000000000000000000e+05,7.225103640001754684e+04,2.609981169599348505e+05,2.609961413817001740e+05,-7.805732631641655462e+04,3.361665205089048832e+05,2.844432376703248977e+01,4.766170785686112055e+01,3.332491533599522663e+05,3.332472703198870877e+05,-2.550993521221743832e-01,4.141985295811839169e+05,4.142387908899489557e+05,-4.026130876502786293e+01,6.391016542633614881e+04,4.140085276557956240e+05,1.530085276557956240e+05,1.140402847769293970e+02,2.317577475070034438e+02,-1.404549551627213511e+00,2.317577475070034438e+02,1.000000000000000000e+00
nan,nan,nan,nan,nan,nan,nan,nan,nan,nan,nan,nan,nan,nan,nan,nan,nan,nan,nan,nan,nan,nan,nan,nan,nan
1.723034013459451899e+03,4.584266197045400622e+05,8.875000000001905809e-01,5.000000000000000000e+05,7.408324645711104677e+04,2.709916301185372868e+05,2.709839262446837383e+05,-7.978056184394565935e+04,3.479374612694748794e+05,2.785394427809686491e+01,4.766170785686112055e+01,3.450748765756480861e+05,3.450665066941853729e+05,-1.977502334300926013e+05,5.415037561781145632e+05,4.594501114563851734e+05,8.205364472172933165e+04,6.391016542633614881e+04,4.584266197045400622e+05,1.874266197045400913e+05,1.154772027816745776e+02,2.293399987405315699e+02,2.844053023475352120e+02,2.293399987405315699e+02,1.000000000000000222e+00
