{"parameter:Real:chr_flow_nom": 969.1140088188436, "parameter:Real:chr_dp_nom": 198576.43142612287}