nan,nan,nan,nan,nan,nan,nan,nan,nan,nan,nan,nan,nan,nan,nan,nan,nan,nan,nan,nan,nan,nan,nan,nan,nan
8.038776563618878299e+02,4.087752695224505151e+05,4.656250000005291989e-01,5.000000000000000000e+05,5.617942821284128149e+04,2.609981756152484741e+05,2.609963100866085151e+05,-8.259606481513760809e+04,3.408622269577280967e+05,2.095260960237762993e+04,3.712485497898481844e+04,3.171776038280897192e+05,3.171757794433382223e+05,-2.869163696064879199e-01,4.089678105874264147e+05,4.089983602261468186e+05,-3.054963872035438399e+01,4.310842434343801870e+04,4.087752695224505151e+05,1.477752695224505151e+05,1.005599178515547010e+02,2.253761378547916934e+02,-1.579730622335324020e+00,2.253761378547916934e+02,1.000000000000000000e+00
nan,nan,nan,nan,nan,nan,nan,nan,nan,nan,nan,nan,nan,nan,nan,nan,nan,nan,nan,nan,nan,nan,nan,nan,nan
1.764279027903667384e+03,4.551133830434739357e+05,9.156249999955248242e-01,5.000000000000000000e+05,4.988509120805522980e+04,2.709912246156042092e+05,2.709833477531499229e+05,-7.788797703251540952e+04,3.459784582272958360e+05,2.220139892495504682e+04,3.712485497898481844e+04,3.208763158236598247e+05,3.208675404392640339e+05,-1.945549713506039116e+05,5.140498201904884772e+05,4.561864607911605854e+05,5.786335939932796464e+04,4.310842434343801870e+04,4.551133830434739357e+05,1.841133830434739648e+05,9.475925504904489571e+01,2.319952227846488881e+02,2.908000446694788934e+02,2.319952227846488881e+02,1.000000000000000000e+00
