{"parameter:Real:chr_flow_nom": 846.9440421807437, "parameter:Real:chr_dp_nom": 160822.9138901695}