{"parameter:Real:chr_flow_nom": 647.8093540596743, "parameter:Real:chr_dp_nom": 168111.48648864555}