{"parameter:Real:chr_flow_nom": 487.34813558487974, "parameter:Real:chr_dp_nom": 89956.38678099788}