{"parameter:Real:chr_flow_nom": 389.4022654077289, "parameter:Real:chr_dp_nom": 127280.22864044287}