{"centers_norm": [[0.00038198484092232893, 0.622255831972227], [0.9962379095842792, 0.1248045221431771]], "population": [1500, 1500], "centers_org": [[25.548545199259642, 1.4347774320620363], [147.64195578566105, 0.6932153060194324]]}