{"parameter:Real:chr_flow_nom": 834.6998755064054, "parameter:Real:chr_dp_nom": 195237.2619859648}