{"parameter:Real:chr_flow_nom": 378.3366088285187, "parameter:Real:chr_dp_nom": 296661.72190915805}