nan,nan,nan,nan,nan,nan,nan,nan,nan,nan,nan,nan,nan,nan,nan,nan,nan,nan,nan,nan,nan,nan,nan,nan,nan
8.258692665211065105e+02,4.100122789638916147e+05,4.749999999965247022e-01,5.000000000000000000e+05,5.132679068988332438e+04,2.609980756337489001e+05,2.609961375160161115e+05,-7.949131684180744924e+04,3.376504074239768088e+05,2.248655599202412850e+04,3.834151334455970209e+04,3.123248663236323046e+05,3.123229419573812047e+05,-3.045656465431015869e-01,4.102390988330431283e+05,4.102475956758779357e+05,-8.496842834876082051e+00,1.129378827577943230e+04,4.100122789638916147e+05,1.490122789638915856e+05,9.611879277320849724e+01,2.297460756136725877e+02,-1.676905639839848972e+00,2.297460756136725877e+02,1.000000000000000000e+00
nan,nan,nan,nan,nan,nan,nan,nan,nan,nan,nan,nan,nan,nan,nan,nan,nan,nan,nan,nan,nan,nan,nan,nan,nan
nan,nan,nan,nan,nan,nan,nan,nan,nan,nan,nan,nan,nan,nan,nan,nan,nan,nan,nan,nan,nan,nan,nan,nan,nan
