{"parameter:Real:chr_flow_nom": 872.6205382991269, "parameter:Real:chr_dp_nom": 119509.9997075301}