{"parameter:Real:chr_flow_nom": 353.94572594827184, "parameter:Real:chr_dp_nom": 296925.0211812146}