{"parameter:Real:chr_flow_nom": 375.3580181558094, "parameter:Real:chr_dp_nom": 19908.663361825253}