{"parameter:Real:chr_flow_nom": 977.2277297335173, "parameter:Real:chr_dp_nom": 17254.05869960015}