{"parameter:Real:chr_flow_nom": 210.6125252685119, "parameter:Real:chr_dp_nom": 31049.06863595378}