{"parameter:Real:chr_flow_nom": 189.81184358090667, "parameter:Real:chr_dp_nom": 125619.65684380222}