{"parameter:Real:chr_flow_nom": 751.2088228377394, "parameter:Real:chr_dp_nom": 10776.371402970075}