nan,nan,nan,nan,nan,nan,nan,nan,nan,nan,nan,nan,nan,nan,nan,nan,nan,nan,nan,nan,nan,nan,nan,nan,nan
8.142981211272676774e+02,4.139504317382578738e+05,2.499999999964976904e-01,5.000000000000000000e+05,5.370736722798085975e+04,2.609981286245408992e+05,2.609962294444227591e+05,-8.114957428387131949e+04,3.393660211171095725e+05,2.187884341768974264e+04,3.807381125712436187e+04,3.147054958525215043e+05,3.147036244770623744e+05,-3.089906932539965845e-01,4.141683742914589238e+05,4.141792685928230057e+05,-1.089430136407270489e+01,1.427264174418681978e+04,4.139504317382578738e+05,1.529504317382578447e+05,9.832256150567150144e+01,2.274156030606619936e+02,-1.701269470331823186e+00,2.274156030606619936e+02,1.000000000000000000e+00
nan,nan,nan,nan,nan,nan,nan,nan,nan,nan,nan,nan,nan,nan,nan,nan,nan,nan,nan,nan,nan,nan,nan,nan,nan
1.941496122387483638e+03,4.538243865357312607e+05,5.453125000340851569e-01,5.000000000000000000e+05,3.064370984768818380e+04,2.709893731472956133e+05,2.709801132572725182e+05,-6.422040838589741179e+04,3.318007457009982318e+05,2.675862680582406756e+04,3.807381125712436187e+04,3.016330829949838226e+05,3.016224561422793777e+05,-1.783007153897082899e+05,4.782650631209955318e+05,4.551238668377554859e+05,2.314119628324006408e+04,1.427264174418681978e+04,4.538243865357312607e+05,1.828243865357312898e+05,7.415152812576138786e+01,2.515011583853294326e+02,3.196056455370742810e+02,2.515011583853294326e+02,1.000000000000000000e+00
