{"parameter:Real:chr_flow_nom": 964.3318772243991, "parameter:Real:chr_dp_nom": 63172.36949467019}