{"parameter:Real:chr_flow_nom": 607.2146229402117, "parameter:Real:chr_dp_nom": 153924.6906942883}