{"centers_norm": [[0.9981926132572967, 0.011015231591425374], [0.002787409923689435, 0.6460023037305298]], "population": [2250, 750], "centers_org": [[147.3173410373458, 0.5171956168346128], [26.579300272174795, 1.4583458261728897]]}