{"parameter:Real:chr_flow_nom": 439.168065339977, "parameter:Real:chr_dp_nom": 95749.21698850366}