{"parameter:Real:chr_flow_nom": 524.5315122596685, "parameter:Real:chr_dp_nom": 171921.55602896243}