{"parameter:Real:chr_flow_nom": 800.588027645337, "parameter:Real:chr_dp_nom": 13927.926403161959}