{"parameter:Real:chr_flow_nom": 604.353982682051, "parameter:Real:chr_dp_nom": 99519.8903765332}