{"parameter:Real:chr_flow_nom": 257.69870237231834, "parameter:Real:chr_dp_nom": 63689.85196969869}