{"parameter:Real:chr_flow_nom": 944.4652288475718, "parameter:Real:chr_dp_nom": 174168.93674988506}