{"centers_norm": [[0.2603898727079651, 0.1895518546489264], [0.6633190192949163, 0.9973321395883448]], "population": [1500, 4500], "centers_org": [[363.10651553043635, 66471.88076569715], [709.0074745798227, 298354.9367330719]]}