{"parameter:Real:chr_flow_nom": 359.552791777542, "parameter:Real:chr_dp_nom": 220437.23517327823}