{"parameter:Real:chr_flow_nom": 888.1309096587842, "parameter:Real:chr_dp_nom": 241098.374564977}