nan,nan,nan,nan,nan,nan,nan,nan,nan,nan,nan,nan,nan,nan,nan,nan,nan,nan,nan,nan,nan,nan,nan,nan,nan
8.733359582826371934e+02,4.146204903705880861e+05,4.937499999388691996e-01,5.000000000000000000e+05,6.288515752968787274e+04,2.609978494685731712e+05,2.609956617383832054e+05,-6.949963982945123280e+04,3.272996249032691121e+05,2.187534463400754703e+02,3.311348566613815478e+02,3.238830069982610876e+05,3.238808564668342588e+05,-2.846185390275990934e-01,4.148815888487866032e+05,4.148834631722068880e+05,-1.874323420288884767e+00,2.666237528130098781e+03,4.146204903705880861e+05,1.536204903705880861e+05,1.063923322206248940e+02,2.438351195651451917e+02,-1.567079014706983520e+00,2.438351195651451917e+02,9.999999999999997780e-01
nan,nan,nan,nan,nan,nan,nan,nan,nan,nan,nan,nan,nan,nan,nan,nan,nan,nan,nan,nan,nan,nan,nan,nan,nan
nan,nan,nan,nan,nan,nan,nan,nan,nan,nan,nan,nan,nan,nan,nan,nan,nan,nan,nan,nan,nan,nan,nan,nan,nan
