{"parameter:Real:chr_flow_nom": 180.33596655719998, "parameter:Real:chr_dp_nom": 37360.27465034339}