{"parameter:Real:chr_flow_nom": 382.2318959297873, "parameter:Real:chr_dp_nom": 258526.06443298594}