{"parameter:Real:chr_flow_nom": 896.1577792620145, "parameter:Real:chr_dp_nom": 160589.77795575946}