{"parameter:Real:chr_flow_nom": 132.67521387787514, "parameter:Real:chr_dp_nom": 285699.4767736119}