{"parameter:Real:chr_flow_nom": 172.53346541777827, "parameter:Real:chr_dp_nom": 134216.7748280347}