{"parameter:Real:chr_flow_nom": 486.90061781539123, "parameter:Real:chr_dp_nom": 31502.83532036444}