{"parameter:Real:chr_flow_nom": 318.9333449246392, "parameter:Real:chr_dp_nom": 69272.76199654804}