{"parameter:Real:chr_flow_nom": 736.8160466386139, "parameter:Real:chr_dp_nom": 97718.88249725159}