{"parameter:Real:chr_flow_nom": 689.1445818766197, "parameter:Real:chr_dp_nom": 272646.08257072244}