{"parameter:Real:chr_flow_nom": 607.690493081644, "parameter:Real:chr_dp_nom": 53187.06939727856}