{"centers_norm": [[0.9981382844184437, 0.09822125142213853], [0.0019356378391384489, 0.5838866297900468]], "population": [1500, 1500], "centers_org": [[147.64731008102882, 0.6535374084253203], [25.276331829714064, 1.3772847046984809]]}