{"parameter:Real:chr_flow_nom": 174.2385766435808, "parameter:Real:chr_dp_nom": 258366.13962378065}