{"parameter:Real:chr_flow_nom": 881.9425891030381, "parameter:Real:chr_dp_nom": 184896.6778192833}