{"parameter:Real:chr_flow_nom": 908.9128765160781, "parameter:Real:chr_dp_nom": 129447.22954818688}