{"parameter:Real:chr_flow_nom": 252.27196209680937, "parameter:Real:chr_dp_nom": 35201.91183260048}