{"parameter:Real:chr_flow_nom": 440.1616302597019, "parameter:Real:chr_dp_nom": 108994.91397242986}