{"parameter:Real:chr_flow_nom": 235.89019558717192, "parameter:Real:chr_dp_nom": 268812.36589448166}