{"parameter:Real:chr_flow_nom": 150.91244136950175, "parameter:Real:chr_dp_nom": 299517.57289931766}