{"parameter:Real:chr_flow_nom": 906.5774752301967, "parameter:Real:chr_dp_nom": 44667.78891039792}