nan,nan,nan,nan,nan,nan,nan,nan,nan,nan,nan,nan,nan,nan,nan,nan,nan,nan,nan,nan,nan,nan,nan,nan,nan
8.249570774597935952e+02,4.105249016551997047e+05,4.749999999977029819e-01,5.000000000000000000e+05,5.444942139183229301e+04,2.609980798420351930e+05,2.609961334856215981e+05,-7.916100345871072204e+04,3.373086294524663244e+05,1.901067431334912180e+04,3.228441951405860891e+04,3.154475012338675442e+05,3.154455810759027372e+05,-2.970869333437332060e-01,4.107565934533121763e+05,4.107597037665525568e+05,-3.110313240307728044e+00,4.238424216283188798e+03,4.105249016551997047e+05,1.495249016551996465e+05,9.899947399117739621e+01,2.302096499847392863e+02,-1.635728650625503100e+00,2.302096499847392863e+02,1.000000000000000000e+00
nan,nan,nan,nan,nan,nan,nan,nan,nan,nan,nan,nan,nan,nan,nan,nan,nan,nan,nan,nan,nan,nan,nan,nan,nan
nan,nan,nan,nan,nan,nan,nan,nan,nan,nan,nan,nan,nan,nan,nan,nan,nan,nan,nan,nan,nan,nan,nan,nan,nan
