{"parameter:Real:chr_flow_nom": 623.3490920782793, "parameter:Real:chr_dp_nom": 83374.95144459569}