nan,nan,nan,nan,nan,nan,nan,nan,nan,nan,nan,nan,nan,nan,nan,nan,nan,nan,nan,nan,nan,nan,nan,nan,nan
8.919622453385012477e+02,4.119583632839004276e+05,8.593749999971947995e-01,5.000000000000000000e+05,6.003778418731823331e+04,2.609977569452059979e+05,2.609954963420041895e+05,-6.672988486516222474e+04,3.244241033957459149e+05,8.502378257373655401e+01,1.245865545679090616e+02,3.210355411325242603e+05,3.210332980777302291e+05,-2.851680120392732221e-01,4.122231162539781071e+05,4.122326500931992196e+05,-9.533839221144745579e+00,1.353577271445633596e+04,4.119583632839004276e+05,1.509583632839004276e+05,1.039557653702635207e+02,2.478311419291054278e+02,-1.570104353916032425e+00,2.478311419291054278e+02,1.000000000000000000e+00
nan,nan,nan,nan,nan,nan,nan,nan,nan,nan,nan,nan,nan,nan,nan,nan,nan,nan,nan,nan,nan,nan,nan,nan,nan
nan,nan,nan,nan,nan,nan,nan,nan,nan,nan,nan,nan,nan,nan,nan,nan,nan,nan,nan,nan,nan,nan,nan,nan,nan
