{"parameter:Real:chr_flow_nom": 288.4000509191598, "parameter:Real:chr_dp_nom": 239524.0543002826}