{"parameter:Real:chr_flow_nom": 907.6650450022419, "parameter:Real:chr_dp_nom": 114373.0576491959}