{"parameter:Real:chr_flow_nom": 793.7109585747054, "parameter:Real:chr_dp_nom": 293732.9191094724}