{"parameter:Real:chr_flow_nom": 193.13587380106244, "parameter:Real:chr_dp_nom": 262397.15434361354}