{"parameter:Real:chr_flow_nom": 269.4290522345886, "parameter:Real:chr_dp_nom": 168250.87821450518}