{"parameter:Real:chr_flow_nom": 753.8752674597032, "parameter:Real:chr_dp_nom": 48176.26505789876}