{"parameter:Real:chr_flow_nom": 410.17003379155227, "parameter:Real:chr_dp_nom": 213462.9958921762}