{"parameter:Real:chr_flow_nom": 501.28488830636394, "parameter:Real:chr_dp_nom": 186997.57168369094}