{"parameter:Real:chr_flow_nom": 186.63987027356475, "parameter:Real:chr_dp_nom": 73007.27896232324}