{"parameter:Real:chr_flow_nom": 996.5733555234958, "parameter:Real:chr_dp_nom": 97956.07496536858}