nan,nan,nan,nan,nan,nan,nan,nan,nan,nan,nan,nan,nan,nan,nan,nan,nan,nan,nan,nan,nan,nan,nan,nan,nan
7.387292162470729409e+02,4.131569525740098907e+05,3.343749999920168081e-01,5.000000000000000000e+05,5.178381008254687185e+04,2.609984534917475539e+05,2.609968586032295134e+05,-9.430258557783199649e+04,3.529680993861806346e+05,3.785289608186044643e+04,7.854262836809024157e+04,3.127822635742942803e+05,3.127807170660418342e+05,-3.121195601604511149e-01,4.133437168563771411e+05,4.133460637875418179e+05,-2.346931164662638292e+00,3.043832364670060997e+03,4.131569525740098907e+05,1.521569525740098616e+05,9.654577056949949565e+01,2.082658656051255548e+02,-1.718496674454463191e+00,2.082658656051255548e+02,1.000000000000000000e+00
nan,nan,nan,nan,nan,nan,nan,nan,nan,nan,nan,nan,nan,nan,nan,nan,nan,nan,nan,nan,nan,nan,nan,nan,nan
1.933125515794657986e+03,4.516734188373345532e+05,8.031249999997069899e-01,5.000000000000000000e+05,8.889376279792915739e+03,2.709894645834256080e+05,2.709806262841262505e+05,-6.812961015057037002e+04,3.358627638125150115e+05,5.272761196286604536e+04,7.854262836809024157e+04,2.798788408632185310e+05,2.798683054466441390e+05,-1.796001208207147429e+05,4.578320890943796257e+05,4.529617180819755304e+05,4.870371012404102657e+03,3.043832364670060997e+03,4.516734188373345532e+05,1.806734188373345241e+05,3.610272093090725321e+01,2.458032329813281649e+02,3.175004748679794488e+02,2.458032329813281649e+02,1.000000000000000000e+00
