{"parameter:Real:chr_flow_nom": 509.85023835228264, "parameter:Real:chr_dp_nom": 39913.95676949884}