{"parameter:Real:chr_flow_nom": 873.3518911910651, "parameter:Real:chr_dp_nom": 254973.4007853719}