nan,nan,nan,nan,nan,nan,nan,nan,nan,nan,nan,nan,nan,nan,nan,nan,nan,nan,nan,nan,nan,nan,nan,nan,nan
8.684669686923574545e+02,4.136433761479728273e+05,4.937499999788597105e-01,5.000000000000000000e+05,6.356618234312040295e+04,2.609978733087189030e+05,2.609957047008841473e+05,-7.024035433082809323e+04,3.280680580932451412e+05,3.338328317439807051e+02,5.097492215175410593e+02,3.245640556518392405e+05,3.245619289605581434e+05,-2.797281321776797225e-01,4.138829852984328172e+05,4.139034337120637065e+05,-2.044841363089466668e+01,2.959741418269968926e+04,4.136433761479728273e+05,1.526433761479727400e+05,1.069668772179578582e+02,2.427769730410894908e+02,-1.540152961421519917e+00,2.427769730410894908e+02,1.000000000000000000e+00
nan,nan,nan,nan,nan,nan,nan,nan,nan,nan,nan,nan,nan,nan,nan,nan,nan,nan,nan,nan,nan,nan,nan,nan,nan
nan,nan,nan,nan,nan,nan,nan,nan,nan,nan,nan,nan,nan,nan,nan,nan,nan,nan,nan,nan,nan,nan,nan,nan,nan
