{"parameter:Real:chr_flow_nom": 439.6938831298952, "parameter:Real:chr_dp_nom": 170604.85733784636}