nan,nan,nan,nan,nan,nan,nan,nan,nan,nan,nan,nan,nan,nan,nan,nan,nan,nan,nan,nan,nan,nan,nan,nan,nan
8.255604162222128934e+02,4.116079659211206017e+05,4.718750000002007172e-01,5.000000000000000000e+05,5.595935378072388266e+04,2.609980770591865585e+05,2.609961224524829886e+05,-7.882327193718282797e+04,3.369591486675022170e+05,1.713951744151972889e+04,2.898732047530954878e+04,3.169574308399105794e+05,3.169555078990972252e+05,-2.958595848899964742e-01,4.118404168454215978e+05,4.118431083267343929e+05,-2.691481312827264105e+00,3.682925595953567154e+03,4.116079659211206017e+05,1.506079659211206017e+05,1.003627604270144360e+02,2.306834903610387926e+02,-1.628971002258130296e+00,2.306834903610387926e+02,1.000000000000000000e+00
nan,nan,nan,nan,nan,nan,nan,nan,nan,nan,nan,nan,nan,nan,nan,nan,nan,nan,nan,nan,nan,nan,nan,nan,nan
nan,nan,nan,nan,nan,nan,nan,nan,nan,nan,nan,nan,nan,nan,nan,nan,nan,nan,nan,nan,nan,nan,nan,nan,nan
