{"parameter:Real:chr_flow_nom": 612.5178896075205, "parameter:Real:chr_dp_nom": 101660.40975995216}