{"parameter:Real:chr_flow_nom": 230.13799466038, "parameter:Real:chr_dp_nom": 194167.87399082052}