nan,nan,nan,nan,nan,nan,nan,nan,nan,nan,nan,nan,nan,nan,nan,nan,nan,nan,nan,nan,nan,nan,nan,nan,nan
8.497816190209115348e+02,4.136420076481497381e+05,2.859374999756604807e-01,5.000000000000000000e+05,6.372310355730564333e+04,2.609979634481616667e+05,2.609958764382911904e+05,-7.344869545435192413e+04,3.313941124981761677e+05,3.620499027362211109e+03,5.741376312674977271e+03,3.247210670054673683e+05,3.247190304536290350e+05,-2.792220635736633039e-01,4.138666156694887322e+05,4.138910427172884811e+05,-2.442704779975904117e+01,3.542035064046893967e+04,4.136420076481497381e+05,1.526420076481497381e+05,1.070988265123153269e+02,2.382305567494090326e+02,-1.537366602205196164e+00,2.382305567494090326e+02,1.000000000000000000e+00
1.676809489159721579e+03,3.611014381737604854e+05,7.187499999860980093e-01,5.000000000000000000e+05,2.399149016381239926e+04,2.669920731789860874e+05,2.669851561641028966e+05,4.006692054015617491e-137,2.909904803576816921e+05,7.405412113050405701e-136,5.741376312674977271e+03,2.909835633427985013e+05,2.909756365217845887e+05,-1.534065714596409816e+05,4.420723912927613128e+05,3.620707512951259851e+05,8.000163999763532775e+04,3.542035064046893967e+04,3.611014381737604854e+05,9.410143817376049992e+04,6.528239436505305093e+01,3.439552567074349059e-136,3.772217611765767060e+02,3.439552567074349059e-136,0.000000000000000000e+00
1.882524698768846292e+03,4.543128891273914487e+05,5.781249999954607421e-01,5.000000000000000000e+05,5.654112430117101030e+04,2.709900089076855802e+05,2.709810428684719373e+05,-6.704137899132602615e+04,3.347332000723644160e+05,3.903878971076323069e+03,5.741376312674977271e+03,3.275311332088566269e+05,3.275211421165422071e+05,-1.837842123552508710e+05,5.097403213354114559e+05,4.555346269287377363e+05,5.420569440667369781e+04,3.542035064046893967e+04,4.543128891273914487e+05,1.833128891273914487e+05,1.008831124332054969e+02,2.473781974611351586e+02,3.105058234023724140e+02,2.473781974611351586e+02,1.000000000000000000e+00
