{"parameter:Real:chr_flow_nom": 793.1610710542972, "parameter:Real:chr_dp_nom": 216698.73258591918}