{"parameter:Real:chr_flow_nom": 152.81726223402728, "parameter:Real:chr_dp_nom": 216123.15793946697}