{"parameter:Real:chr_flow_nom": 926.2754927381899, "parameter:Real:chr_dp_nom": 14363.18487791747}