nan,nan,nan,nan,nan,nan,nan,nan,nan,nan,nan,nan,nan,nan,nan,nan,nan,nan,nan,nan,nan,nan,nan,nan,nan
8.224621278200883125e+02,4.099188321506319335e+05,4.749999993148962818e-01,5.000000000000000000e+05,5.243521370521045174e+04,2.609980913252857281e+05,2.609961631208967883e+05,-7.991455188419726619e+04,3.380883251393092214e+05,2.183070198219153099e+04,3.741653126352935215e+04,3.134333050304962089e+05,3.134313963557819370e+05,-3.011253224083942914e-01,4.101475001231884235e+05,4.101522300590383238e+05,-4.729935849881777621e+00,6.358879722498928459e+03,4.099188321506319335e+05,1.489188321506319626e+05,9.715111150644588633e+01,2.291518372240074370e+02,-1.657963585770886761e+00,2.291518372240074370e+02,1.000000000000000000e+00
nan,nan,nan,nan,nan,nan,nan,nan,nan,nan,nan,nan,nan,nan,nan,nan,nan,nan,nan,nan,nan,nan,nan,nan,nan
nan,nan,nan,nan,nan,nan,nan,nan,nan,nan,nan,nan,nan,nan,nan,nan,nan,nan,nan,nan,nan,nan,nan,nan,nan
