{"parameter:Real:chr_flow_nom": 227.81650790928995, "parameter:Real:chr_dp_nom": 165570.67657976784}