{"parameter:Real:chr_flow_nom": 891.6576227014186, "parameter:Real:chr_dp_nom": 24356.20591613565}