{"parameter:Real:chr_flow_nom": 599.2900040880952, "parameter:Real:chr_dp_nom": 202793.2509413458}