{"parameter:Real:chr_flow_nom": 968.2733532006313, "parameter:Real:chr_dp_nom": 126150.0653897364}