{"parameter:Real:chr_flow_nom": 644.0486366655261, "parameter:Real:chr_dp_nom": 263831.3089711929}