{"centers_norm": [[0.9961224685913395, 0.12489665529186002], [0.0003692287996401248, 0.6243065647435523]], "population": [2250, 750], "centers_org": [[147.62780254903387, 0.6933526510264036], [25.54698128971507, 1.4378345066416003]]}