{"parameter:Real:chr_flow_nom": 220.0948044662792, "parameter:Real:chr_dp_nom": 68636.8833943585}