{"parameter:Real:chr_flow_nom": 562.8607413001935, "parameter:Real:chr_dp_nom": 189281.87375132806}