{"parameter:Real:chr_flow_nom": 885.8547182265099, "parameter:Real:chr_dp_nom": 42585.44389602486}