nan,nan,nan,nan,nan,nan,nan,nan,nan,nan,nan,nan,nan,nan,nan,nan,nan,nan,nan,nan,nan,nan,nan,nan,nan
8.377001882258206251e+02,4.129795222882033559e+05,4.937500000027044145e-01,5.000000000000000000e+05,6.883588003381555609e+04,2.609980205770888133e+05,2.609959676656441879e+05,-7.486062692115489335e+04,3.328568149923338788e+05,2.108181552416187898e+01,3.399628712588529567e+01,3.298339006109043257e+05,3.298319211879930808e+05,-2.622195022076634907e-01,4.131879852765153046e+05,4.132215714775610249e+05,-3.358620104578071874e+01,5.186450208065212792e+04,4.129795222882033559e+05,1.519795222882033559e+05,1.113124359902648166e+02,2.362433077808608743e+02,-1.443752330963566477e+00,2.362433077808608743e+02,1.000000000000000000e+00
nan,nan,nan,nan,nan,nan,nan,nan,nan,nan,nan,nan,nan,nan,nan,nan,nan,nan,nan,nan,nan,nan,nan,nan,nan
1.781550630764257221e+03,4.591864509550210205e+05,9.437499999999864331e-01,5.000000000000000000e+05,6.892341592930267507e+04,2.709910519594282960e+05,2.709828852433619904e+05,-7.495372348388921819e+04,3.429401509313028073e+05,2.105847062786774515e+01,3.399628712588529567e+01,3.399144678887308692e+05,3.399055198481592233e+05,-1.929185880830831884e+05,5.314213603863683529e+05,4.602806415670575807e+05,7.114071881931081589e+04,5.186450208065212792e+04,4.591864509550210205e+05,1.881864509550210496e+05,1.113831893387618948e+02,2.361124698286874093e+02,2.939664309100038508e+02,2.361124698286874093e+02,1.000000000000000000e+00
