{"parameter:Real:chr_flow_nom": 832.734096695261, "parameter:Real:chr_dp_nom": 111571.82411085317}