{"parameter:Real:chr_flow_nom": 140.55604865707448, "parameter:Real:chr_dp_nom": 68039.44686727817}