{"parameter:Real:chr_flow_nom": 188.29567037478608, "parameter:Real:chr_dp_nom": 197873.17524158573}