nan,nan,nan,nan,nan,nan,nan,nan,nan,nan,nan,nan,nan,nan,nan,nan,nan,nan,nan,nan,nan,nan,nan,nan,nan
8.929970032222136069e+02,4.106197006273812731e+05,3.437500000262034838e-01,5.000000000000000000e+05,5.948684067691258679e+04,2.609977517442565004e+05,2.609954886135222914e+05,-6.663133492901276622e+04,3.243217213018127368e+05,5.297634430850379204e+02,7.753716429090859492e+02,3.204845924211691017e+05,3.204823441654255730e+05,-2.828986589829557974e-01,4.108916472462291713e+05,4.108946234228567919e+05,-2.976176627541780917e+00,4.259413776957457230e+03,4.106197006273812731e+05,1.496197006273813022e+05,1.034776851395713635e+02,2.479746527741640989e+02,-1.557609540459164332e+00,2.479746527741640989e+02,1.000000000000000000e+00
1.916349347731233593e+03,3.584471675032150815e+05,9.437499999982448262e-01,5.000000000000000000e+05,4.299564714086898675e+03,2.669896466481727548e+05,2.669810944345940952e+05,1.069328872365827582e-28,2.712977635758383549e+05,2.669122222568242985e-28,7.753716429090859492e+02,2.712892113622596371e+05,2.712788580104323919e+05,-1.037218111378618341e+05,3.720408684055980993e+05,3.597132033779569902e+05,1.232766502764105280e+04,4.259413776957457230e+03,3.584471675032150815e+05,9.144716750321508152e+04,2.074588088356586013e+01,9.179674450664095351e-28,4.270111529618345685e+02,9.179674450664095351e-28,0.000000000000000000e+00
2.138273285528755878e+03,4.527779226271049120e+05,7.468749999904875647e-01,5.000000000000000000e+05,3.793733982641430339e+04,2.709871098483644892e+05,2.709758681087790173e+05,-4.686280056677612447e+04,3.137174667130713933e+05,6.605732537995795610e+02,7.753716429090859492e+02,3.089244496747787343e+05,3.089115595231432235e+05,-1.558597322908769129e+05,4.627544356905039749e+05,4.543541652462833445e+05,8.400270444220705031e+03,4.259413776957457230e+03,4.527779226271049120e+05,1.817779226271049120e+05,8.262394545006281987e+01,2.769024449973492210e+02,3.524888955544668079e+02,2.769024449973492210e+02,1.000000000000000888e+00
