{"parameter:Real:chr_flow_nom": 208.79733128588583, "parameter:Real:chr_dp_nom": 53497.04206881791}