{"parameter:Real:chr_flow_nom": 442.90981924365957, "parameter:Real:chr_dp_nom": 41959.03853593572}