{"parameter:Real:chr_flow_nom": 459.94183419930795, "parameter:Real:chr_dp_nom": 225330.81303402816}