nan,nan,nan,nan,nan,nan,nan,nan,nan,nan,nan,nan,nan,nan,nan,nan,nan,nan,nan,nan,nan,nan,nan,nan,nan
8.189986033741407709e+02,4.129829351956274477e+05,4.656250000012333023e-01,5.000000000000000000e+05,6.316777068255739141e+04,2.609981072010152857e+05,2.609961538265651616e+05,-7.891750660842143407e+04,3.370566920511217322e+05,1.003189235209480466e+04,1.698596619053872928e+04,3.241658778835727135e+05,3.241639850845879992e+05,-2.788487559111332836e-01,4.131836434248822043e+05,4.132143917768727988e+05,-3.074835199053208967e+01,4.464632389273368608e+04,4.129829351956274477e+05,1.519829351956274477e+05,1.066311339284185351e+02,2.305512911368813320e+02,-1.535311210430722495e+00,2.305512911368813320e+02,1.000000000000000000e+00
nan,nan,nan,nan,nan,nan,nan,nan,nan,nan,nan,nan,nan,nan,nan,nan,nan,nan,nan,nan,nan,nan,nan,nan,nan
1.811009935145123563e+03,4.519353075223047053e+05,9.437500000001843858e-01,5.000000000000000000e+05,5.638290960306058696e+04,2.709907535873412271e+05,2.709824236907153390e+05,-7.325114113415571046e+04,3.411759673409682000e+05,1.073637670888559842e+04,1.698596619053872928e+04,3.273736631904017995e+05,3.273644167777429684e+05,-1.903909734039407922e+05,5.163068074867289397e+05,4.530659838804659084e+05,6.324082360626305308e+04,4.464632389273368608e+04,4.519353075223047053e+05,1.809353075223047053e+05,1.007418668109287410e+02,2.385091241980978793e+02,2.987305423332276177e+02,2.385091241980978793e+02,1.000000000000000000e+00
