{"parameter:Real:chr_flow_nom": 780.1696166841795, "parameter:Real:chr_dp_nom": 138535.66135478037}