{"parameter:Real:chr_flow_nom": 558.3888857921796, "parameter:Real:chr_dp_nom": 159939.56355186808}