nan,nan,nan,nan,nan,nan,nan,nan,nan,nan,nan,nan,nan,nan,nan,nan,nan,nan,nan,nan,nan,nan,nan,nan,nan
8.566190587433759447e+02,4.096441809044564143e+05,4.937500000160576774e-01,5.000000000000000000e+05,6.428836191992154636e+04,2.609979307136962016e+05,2.609958117465524992e+05,-7.218387253885224345e+04,3.300833093178676208e+05,1.698522687641378070e+03,2.653570502555875009e+03,3.252862926336178207e+05,3.252842233473139931e+05,-2.658425174343623798e-01,4.098685136994561763e+05,4.098972188326028991e+05,-2.870513314668776061e+01,4.372205498297321901e+04,4.096441809044564143e+05,1.486441809044563561e+05,1.075727899869938398e+02,2.400167857113139007e+02,-1.463700262504221028e+00,2.400167857113139007e+02,1.000000000000000000e+00
nan,nan,nan,nan,nan,nan,nan,nan,nan,nan,nan,nan,nan,nan,nan,nan,nan,nan,nan,nan,nan,nan,nan,nan,nan
1.830282244622533653e+03,4.567773418011778849e+05,9.437500000030312197e-01,5.000000000000000000e+05,6.307045517579505395e+04,2.709905557442470454e+05,2.709820058617807808e+05,-7.108189790164561418e+04,3.389270861149543198e+05,1.720707601237783138e+03,2.653570502555875009e+03,3.340610109200422303e+05,3.340515666642892756e+05,-1.886353535042984004e+05,5.212069223076424678e+05,4.579322109481957741e+05,6.327471135944670095e+04,4.372205498297321901e+04,4.567773418011778849e+05,1.857773418011778849e+05,1.065489649487178809e+02,2.415791661485575901e+02,3.019524270866684219e+02,2.415791661485575901e+02,1.000000000000000222e+00
