{"parameter:Real:chr_flow_nom": 436.3901456544466, "parameter:Real:chr_dp_nom": 22326.550927114535}