{"centers_norm": [[0.0009214107038368816, 0.0012241416740062462], [0.0009092814093088311, 0.003917186242897686]], "population": [2920, 80], "centers_org": [[5.818624111084004, 0.5131957634561565], [5.816881008282964, 0.5198787811138207]]}