{"parameter:Real:chr_flow_nom": 598.4611668366156, "parameter:Real:chr_dp_nom": 40497.528742917784}