{"centers_norm": [[0.9989318304767912, 0.04120581176379719], [0.0008019074655421303, 0.6015514776328792]], "population": [750, 2250], "centers_org": [[147.74478724371346, 0.5685301495642184], [25.137067298178646, 1.4029986098367613]]}