{"parameter:Real:chr_flow_nom": 209.67669301129544, "parameter:Real:chr_dp_nom": 262325.31718625536}