{"parameter:Real:chr_flow_nom": 918.3562140966103, "parameter:Real:chr_dp_nom": 132668.5991184356}