{"parameter:Real:chr_flow_nom": 688.1280889044303, "parameter:Real:chr_dp_nom": 203584.13440042068}