{"parameter:Real:chr_flow_nom": 119.41415026797245, "parameter:Real:chr_dp_nom": 61954.09835250695}