{"parameter:Real:chr_flow_nom": 792.3898195985008, "parameter:Real:chr_dp_nom": 135215.20889695574}