{"parameter:Real:chr_flow_nom": 904.0057684259634, "parameter:Real:chr_dp_nom": 138383.9304867491}