{"parameter:Real:chr_flow_nom": 316.5820804095916, "parameter:Real:chr_dp_nom": 283458.0001385326}