{"parameter:Real:chr_flow_nom": 226.84966211517516, "parameter:Real:chr_dp_nom": 187768.47082591045}