{"parameter:Real:chr_flow_nom": 401.64891386095604, "parameter:Real:chr_dp_nom": 167430.69261677904}