{"parameter:Real:chr_flow_nom": 979.4031668117066, "parameter:Real:chr_dp_nom": 40192.74266121885}