nan,nan,nan,nan,nan,nan,nan,nan,nan,nan,nan,nan,nan,nan,nan,nan,nan,nan,nan,nan,nan,nan,nan,nan,nan
7.797336846858537456e+02,4.096133252813746221e+05,4.500000000195409910e-01,5.000000000000000000e+05,4.524100380672779283e+04,2.609982818094819959e+05,2.609965542419419507e+05,-8.851360983943306201e+04,3.469813239731988288e+05,3.821147063069607248e+04,7.309458555590626202e+04,3.062392856162097887e+05,3.062375674256918137e+05,-3.206557420255704005e-01,4.098108019057720085e+05,4.098234302668630844e+05,-1.262836109109061944e+01,1.594132010127157628e+04,4.096133252813746221e+05,1.486133252813746512e+05,9.024068198551583464e+01,2.169079785383625563e+02,-1.765495972224217835e+00,2.169079785383625563e+02,1.000000000000000000e+00
nan,nan,nan,nan,nan,nan,nan,nan,nan,nan,nan,nan,nan,nan,nan,nan,nan,nan,nan,nan,nan,nan,nan,nan,nan
1.831988646960009646e+03,4.575618290520086884e+05,9.437500000001199929e-01,5.000000000000000000e+05,2.304628298243892277e+04,2.709905381259670248e+05,2.709823458885622094e+05,-7.456839731065495289e+04,3.425405210720865871e+05,4.548528553894090146e+04,7.309458555590626202e+04,2.940368211084058858e+05,2.940273592343729106e+05,-1.891034414041840937e+05,4.816591451630232041e+05,4.587188526099785813e+05,2.294029255304456092e+04,1.594132010127157628e+04,4.575618290520086884e+05,1.865618290520086884e+05,6.390061572769582199e+01,2.366541438373024846e+02,3.011002085191289552e+02,2.366541438373024846e+02,1.000000000000000000e+00
