{"parameter:Real:chr_flow_nom": 902.0356638622053, "parameter:Real:chr_dp_nom": 26459.021504243112}