{"parameter:Real:chr_flow_nom": 427.55481566668516, "parameter:Real:chr_dp_nom": 78820.14918734935}