{"parameter:Real:chr_flow_nom": 156.44507043408066, "parameter:Real:chr_dp_nom": 278798.27333730797}