{"parameter:Real:chr_flow_nom": 633.8725258974724, "parameter:Real:chr_dp_nom": 280438.1722764391}