{"parameter:Real:chr_flow_nom": 552.5602185360526, "parameter:Real:chr_dp_nom": 104836.8618888877}