{"parameter:Real:chr_flow_nom": 341.2573778879824, "parameter:Real:chr_dp_nom": 291528.52114160935}