{"parameter:Real:chr_flow_nom": 788.0763301759504, "parameter:Real:chr_dp_nom": 150599.2530812682}