{"parameter:Real:chr_flow_nom": 832.2577436627611, "parameter:Real:chr_dp_nom": 124823.9011002516}