nan,nan,nan,nan,nan,nan,nan,nan,nan,nan,nan,nan,nan,nan,nan,nan,nan,nan,nan,nan,nan,nan,nan,nan,nan
7.426701361192846207e+02,4.087403160735293641e+05,4.281249999508808246e-01,5.000000000000000000e+05,5.064487957669984462e+04,2.609984374682199559e+05,2.609968318326220906e+05,-9.383399578326455958e+04,3.524833580210368964e+05,3.849096569872010878e+04,7.931798225064187136e+04,3.116433170449198224e+05,3.116417545131397783e+05,-3.026612435435361848e-01,4.088931086896609631e+05,4.089313866873756051e+05,-3.827799771461200606e+01,5.119891247622952505e+04,4.087403160735293641e+05,1.477403160735293641e+05,9.547815626522105958e+01,2.089848623361823172e+02,-1.666420202080383106e+00,2.089848623361823172e+02,1.000000000000000000e+00
nan,nan,nan,nan,nan,nan,nan,nan,nan,nan,nan,nan,nan,nan,nan,nan,nan,nan,nan,nan,nan,nan,nan,nan,nan
1.654909979997152732e+03,4.531098352107923129e+05,8.593749999989870325e-01,5.000000000000000000e+05,4.145447877444008191e+04,2.709922788790438790e+05,2.709853682282836526e+05,-8.819175407954807451e+04,3.566373610638812534e+05,4.164393146489121864e+04,7.931798225064187136e+04,3.124467576534838881e+05,3.124390365325277671e+05,-2.031941358748845232e+05,5.144272609631534433e+05,4.540539947725237580e+05,6.037326619062967802e+04,5.119891247622952505e+04,4.531098352107923129e+05,1.821098352107923129e+05,8.638029775291488477e+01,2.173758470684933286e+02,2.725622397243715227e+02,2.173758470684933286e+02,1.000000000000000000e+00
