{"parameter:Real:chr_flow_nom": 978.3372202409209, "parameter:Real:chr_dp_nom": 233658.71399081367}