nan,nan,nan,nan,nan,nan,nan,nan,nan,nan,nan,nan,nan,nan,nan,nan,nan,nan,nan,nan,nan,nan,nan,nan,nan
7.826070186561757964e+02,4.111227511915143114e+05,4.515624999828172781e-01,5.000000000000000000e+05,5.690940034427028877e+04,2.609982693688745494e+05,2.609964871176550514e+05,-8.618501227757833840e+04,3.445736332127178903e+05,2.405631501368079989e+04,4.462278025975701166e+04,3.179076697131448891e+05,3.179059390820194967e+05,-2.916555319817794034e-01,4.113343386962277000e+05,4.113343774481388973e+05,-3.875191115902470312e-02,5.379248223833666032e+01,4.111227511915143114e+05,1.501227511915143405e+05,1.012111261767630594e+02,2.202710859284248954e+02,-1.605823939836641623e+00,2.202710859284248954e+02,1.000000000000000000e+00
nan,nan,nan,nan,nan,nan,nan,nan,nan,nan,nan,nan,nan,nan,nan,nan,nan,nan,nan,nan,nan,nan,nan,nan,nan
nan,nan,nan,nan,nan,nan,nan,nan,nan,nan,nan,nan,nan,nan,nan,nan,nan,nan,nan,nan,nan,nan,nan,nan,nan
