{"parameter:Real:chr_flow_nom": 740.2000246549459, "parameter:Real:chr_dp_nom": 172915.47775975114}