{"parameter:Real:chr_flow_nom": 171.4695019332808, "parameter:Real:chr_dp_nom": 78692.69296282202}