{"parameter:Real:chr_flow_nom": 493.1842735379173, "parameter:Real:chr_dp_nom": 99805.78789160882}