{"parameter:Real:chr_flow_nom": 678.2993745131844, "parameter:Real:chr_dp_nom": 127191.4651884674}