{"parameter:Real:chr_flow_nom": 217.89289337595287, "parameter:Real:chr_dp_nom": 253373.03450543937}