{"parameter:Real:chr_flow_nom": 263.9018151985973, "parameter:Real:chr_dp_nom": 72194.68791425432}