{"parameter:Real:chr_flow_nom": 790.6877419303237, "parameter:Real:chr_dp_nom": 243918.06085483206}