{"parameter:Real:chr_flow_nom": 974.9388745035817, "parameter:Real:chr_dp_nom": 265471.96937051753}