{"parameter:Real:chr_flow_nom": 808.1982581434646, "parameter:Real:chr_dp_nom": 214794.19569086956}