{"parameter:Real:chr_flow_nom": 565.4395641365221, "parameter:Real:chr_dp_nom": 289682.5764265166}