{"parameter:Real:chr_flow_nom": 981.0798029181597, "parameter:Real:chr_dp_nom": 33924.1034047194}