{"parameter:Real:chr_flow_nom": 558.1242750431713, "parameter:Real:chr_dp_nom": 195906.39745557017}