{"parameter:Real:chr_flow_nom": 505.40022465343776, "parameter:Real:chr_dp_nom": 214262.74219059243}