{"parameter:Real:chr_flow_nom": 118.1418907995183, "parameter:Real:chr_dp_nom": 113691.77366278482}