{"parameter:Real:chr_flow_nom": 498.6709042472055, "parameter:Real:chr_dp_nom": 287851.3727195931}