{"parameter:Real:chr_flow_nom": 612.1186848108381, "parameter:Real:chr_dp_nom": 160783.1622722981}