{"parameter:Real:chr_flow_nom": 949.8660232972046, "parameter:Real:chr_dp_nom": 58614.70727893826}