{"parameter:Real:chr_flow_nom": 340.6980392057123, "parameter:Real:chr_dp_nom": 292364.4052184927}