{"parameter:Real:chr_flow_nom": 558.7178523333009, "parameter:Real:chr_dp_nom": 185871.6252549097}