{"parameter:Real:chr_flow_nom": 655.871229662547, "parameter:Real:chr_dp_nom": 261458.62622637217}