{"parameter:Real:chr_flow_nom": 499.93899318031544, "parameter:Real:chr_dp_nom": 160146.58316369553}