{"parameter:Real:chr_flow_nom": 281.7029823454517, "parameter:Real:chr_dp_nom": 76124.474802383}