{"parameter:Real:chr_flow_nom": 676.4467576791336, "parameter:Real:chr_dp_nom": 78249.25569842185}