{"parameter:Real:chr_flow_nom": 511.3235348299817, "parameter:Real:chr_dp_nom": 231690.2300669725}