{"parameter:Real:chr_flow_nom": 143.2409618075352, "parameter:Real:chr_dp_nom": 182528.5454849922}