{"parameter:Real:chr_flow_nom": 495.17258431246177, "parameter:Real:chr_dp_nom": 224734.02263987713}