{"parameter:Real:chr_flow_nom": 173.43188461712901, "parameter:Real:chr_dp_nom": 234649.04908583616}