{"parameter:Real:chr_flow_nom": 672.7299076176134, "parameter:Real:chr_dp_nom": 250641.5626211307}