{"parameter:Real:chr_flow_nom": 903.2163331387267, "parameter:Real:chr_dp_nom": 62279.82495070632}