nan,nan,nan,nan,nan,nan,nan,nan,nan,nan,nan,nan,nan,nan,nan,nan,nan,nan,nan,nan,nan,nan,nan,nan,nan
8.280452005752646301e+02,4.127687142423472833e+05,4.718749996587883744e-01,5.000000000000000000e+05,5.473109183942140953e+04,2.609980655740485527e+05,2.609961051781025890e+05,-7.857432941646892868e+04,3.367015230079918983e+05,1.810149355461788946e+04,3.052179505898416755e+04,3.157291574134700932e+05,3.157272229875188204e+05,-3.027176308849118813e-01,4.129983464853544720e+05,4.130052610817078967e+05,-6.914596353354303560e+00,9.246924138328588015e+03,4.127687142423472833e+05,1.517687142423473124e+05,9.925520908796602271e+01,2.310326841289698905e+02,-1.666730664707543053e+00,2.310326841289698905e+02,1.000000000000000000e+00
nan,nan,nan,nan,nan,nan,nan,nan,nan,nan,nan,nan,nan,nan,nan,nan,nan,nan,nan,nan,nan,nan,nan,nan,nan
nan,nan,nan,nan,nan,nan,nan,nan,nan,nan,nan,nan,nan,nan,nan,nan,nan,nan,nan,nan,nan,nan,nan,nan,nan
