{"centers_norm": [[0.0008191844659747722, 0.0013826123684186969], [0.0015030626517211747, 0.0010028982002690313]], "population": [2966, 34], "centers_org": [[5.8039331625589154, 0.513589021874979], [5.902213402880221, 0.5126467290811935]]}