{"parameter:Real:chr_flow_nom": 221.70386551944335, "parameter:Real:chr_dp_nom": 99718.57547054939}