{"parameter:Real:chr_flow_nom": 528.3387978228163, "parameter:Real:chr_dp_nom": 223673.0211966077}