nan,nan,nan,nan,nan,nan,nan,nan,nan,nan,nan,nan,nan,nan,nan,nan,nan,nan,nan,nan,nan,nan,nan,nan,nan
7.769279708468452554e+02,4.089244832759257406e+05,4.499999996599339802e-01,5.000000000000000000e+05,4.476126390201225149e+04,2.609982939056693285e+05,2.609965791699748370e+05,-8.907068695296387887e+04,3.475573326409587171e+05,3.928612656540426542e+04,7.571637715344195021e+04,3.057595578076815000e+05,3.057578517133507994e+05,-3.200469665649843809e-01,4.091158409806519048e+05,4.091331091069019749e+05,-1.726812625011232072e+01,2.183984849176922580e+04,4.089244832759257406e+05,1.479244832759257697e+05,8.976094599946372909e+01,2.160956116310163964e+02,-1.762144120119951252e+00,2.160956116310163964e+02,1.000000000000000000e+00
nan,nan,nan,nan,nan,nan,nan,nan,nan,nan,nan,nan,nan,nan,nan,nan,nan,nan,nan,nan,nan,nan,nan,nan,nan
1.808649018419512004e+03,4.533052668171298574e+05,9.437500000003448131e-01,5.000000000000000000e+05,2.448128180397735923e+04,2.709907776797335246e+05,2.709827681053410633e+05,-7.645281149889958033e+04,3.444923011681315838e+05,4.606895361505369510e+04,7.571637715344195021e+04,2.954720594837109675e+05,2.954628371634444920e+05,-1.910777258028344950e+05,4.851043627954582334e+05,4.544329970923623769e+05,3.067136570309577655e+04,2.183984849176922580e+04,4.533052668171298574e+05,1.823052668171298283e+05,6.598469025329450233e+01,2.340078981551739901e+02,2.974510237390590532e+02,2.340078981551739901e+02,1.000000000000000000e+00
