{"parameter:Real:chr_flow_nom": 303.3685549045423, "parameter:Real:chr_dp_nom": 52183.3733820826}