nan,nan,nan,nan,nan,nan,nan,nan,nan,nan,nan,nan,nan,nan,nan,nan,nan,nan,nan,nan,nan,nan,nan,nan,nan
7.868248478022430845e+02,4.128961168291586218e+05,3.578125008630904103e-01,5.000000000000000000e+05,4.962364284282733570e+04,2.609982510102104861e+05,2.609964786386620544e+05,-8.658242093929625116e+04,3.449845269613314304e+05,3.176648806823087216e+04,5.923108373337642843e+04,3.106218938530378509e+05,3.106201448632483371e+05,-3.175473337910847960e-01,4.130945776917298790e+05,4.131099880329063744e+05,-1.541034117647767943e+01,1.964397154339404733e+04,4.128961168291586218e+05,1.518961168291585927e+05,9.451061163546091848e+01,2.197004858840966790e+02,-1.748381411345482084e+00,2.197004858840966790e+02,1.000000000000000000e+00
nan,nan,nan,nan,nan,nan,nan,nan,nan,nan,nan,nan,nan,nan,nan,nan,nan,nan,nan,nan,nan,nan,nan,nan,nan
1.861335725381363090e+03,4.522500931994452840e+05,7.750000000000212275e-01,5.000000000000000000e+05,2.702147833102529694e+04,2.709902325537040015e+05,2.709817356029321672e+05,-7.150079282094124937e+04,3.393611348744634306e+05,3.821953342712455924e+04,5.923108373337642843e+04,2.980117108847291092e+05,2.980019434384331107e+05,-1.862151912244638370e+05,4.826943913701571873e+05,4.534444829605334089e+05,2.924990840962380025e+04,1.964397154339404733e+04,4.522500931994452840e+05,1.812500931994452840e+05,6.949078621793796628e+01,2.409844977342808932e+02,3.062818971947751265e+02,2.409844977342808932e+02,9.999999999999994449e-01
