{"centers_norm": [[0.6766339374091285, 0.17021655306814235], [0.16220505971964977, 0.013077381109213282], [0.9638111700479264, 0.07615386828705163]], "population": [1500, 750, 750], "centers_org": [[109.63845513572718, 0.7600071650222127], [45.86829740298464, 0.5255382538862892], [145.23781243635486, 0.6196553036485997]]}