{"parameter:Real:chr_flow_nom": 996.6683396501438, "parameter:Real:chr_dp_nom": 136037.8090570357}