{"parameter:Real:chr_flow_nom": 740.0882560216722, "parameter:Real:chr_dp_nom": 51355.78480005038}