{"parameter:Real:chr_flow_nom": 223.09551975004877, "parameter:Real:chr_dp_nom": 155668.92602461312}