{"parameter:Real:chr_flow_nom": 404.6419516518222, "parameter:Real:chr_dp_nom": 281227.2142238741}