{"parameter:Real:chr_flow_nom": 858.7948426129744, "parameter:Real:chr_dp_nom": 287484.8434150502}