{"parameter:Real:chr_flow_nom": 758.4247083120435, "parameter:Real:chr_dp_nom": 14365.767010282849}