{"parameter:Real:chr_flow_nom": 367.9018364835958, "parameter:Real:chr_dp_nom": 104705.14680163182}