{"parameter:Real:chr_flow_nom": 856.0320318868203, "parameter:Real:chr_dp_nom": 37364.94274110322}