{"parameter:Real:chr_flow_nom": 253.66237486947145, "parameter:Real:chr_dp_nom": 59372.031369197844}