{"parameter:Real:chr_flow_nom": 928.585126019008, "parameter:Real:chr_dp_nom": 171891.80327003144}