nan,nan,nan,nan,nan,nan,nan,nan,nan,nan,nan,nan,nan,nan,nan,nan,nan,nan,nan,nan,nan,nan,nan,nan,nan
8.045522693861840935e+02,4.093492409922936931e+05,4.656250011783537035e-01,5.000000000000000000e+05,7.396128996760984592e+04,2.609981725941490731e+05,2.609962430508509569e+05,-7.999265260224412486e+04,3.381692072300626314e+05,3.881266455791662793e+02,6.658634306764557778e+02,3.349594625617589336e+05,3.349576351559080067e+05,-2.360195281175437865e-01,4.095209460500511923e+05,4.095727011241993750e+05,-5.175507414815915297e+01,8.880550511684217781e+04,4.093492409922936931e+05,1.483492409922936931e+05,1.153821138399265607e+02,2.290421449422031515e+02,-1.299498096075121900e+00,2.290421449422031515e+02,9.999999999999995559e-01
nan,nan,nan,nan,nan,nan,nan,nan,nan,nan,nan,nan,nan,nan,nan,nan,nan,nan,nan,nan,nan,nan,nan,nan,nan
1.613066765205174988e+03,4.581426598575437674e+05,8.312500000080252915e-01,5.000000000000000000e+05,8.338472050853908877e+04,2.709926643890077248e+05,2.709857989964825683e+05,-8.878456718346515845e+04,3.572507212724406272e+05,3.468260244689217302e+02,6.658634306764557778e+02,3.543773848975467263e+05,3.543700492865544511e+05,-2.058416557969986752e+05,5.590598989133655559e+05,4.590396782178183785e+05,1.000202206955471629e+05,8.880550511684217781e+04,4.581426598575437674e+05,1.871426598575437674e+05,1.225122430271237590e+02,2.165132662026306036e+02,2.663775874851430672e+02,2.165132662026306036e+02,9.999999999999997780e-01
