nan,nan,nan,nan,nan,nan,nan,nan,nan,nan,nan,nan,nan,nan,nan,nan,nan,nan,nan,nan,nan,nan,nan,nan,nan
7.796433607963067516e+02,4.098285114740978461e+05,4.499999999358471059e-01,5.000000000000000000e+05,5.102140300552138069e+04,2.609982821996878774e+05,2.609965330200469471e+05,-8.759483961208889377e+04,3.460313584180616890e+05,3.144990976793683512e+04,5.942782742051193782e+04,3.120196852052095346e+05,3.120179674048973829e+05,-3.048570970269217084e-01,4.100359748554526013e+05,4.100385687441576738e+05,-2.593888705091338398e+00,3.444428519540068010e+03,4.098285114740978461e+05,1.488285114740978170e+05,9.583241905009936090e+01,2.182408426611124810e+02,-1.678510334806596616e+00,2.182408426611124810e+02,1.000000000000000000e+00
nan,nan,nan,nan,nan,nan,nan,nan,nan,nan,nan,nan,nan,nan,nan,nan,nan,nan,nan,nan,nan,nan,nan,nan,nan
nan,nan,nan,nan,nan,nan,nan,nan,nan,nan,nan,nan,nan,nan,nan,nan,nan,nan,nan,nan,nan,nan,nan,nan,nan
