{"parameter:Real:chr_flow_nom": 897.9835991747797, "parameter:Real:chr_dp_nom": 32385.315160565595}