nan,nan,nan,nan,nan,nan,nan,nan,nan,nan,nan,nan,nan,nan,nan,nan,nan,nan,nan,nan,nan,nan,nan,nan,nan
7.591028929943911407e+02,4.099567095049733762e+05,4.374999998664150791e-01,5.000000000000000000e+05,6.436273610334544355e+04,2.609983695593180892e+05,2.609966546327645483e+05,-8.914150621344477986e+04,3.476306314264133689e+05,1.976028136724985961e+04,3.812061631739931909e+04,3.253611056626634672e+05,3.253594752219815273e+05,-2.663246499645859910e-01,4.101074893164861132e+05,4.101560842030797503e+05,-4.859488659366063246e+01,7.388281922445941018e+04,4.099567095049733762e+05,1.489567095049733762e+05,1.076349966256429980e+02,2.159920965877138315e+02,-1.466354832276809628e+00,2.159920965877138315e+02,1.000000000000000000e+00
nan,nan,nan,nan,nan,nan,nan,nan,nan,nan,nan,nan,nan,nan,nan,nan,nan,nan,nan,nan,nan,nan,nan,nan,nan
1.612862669933005691e+03,4.573118125213459716e+05,8.312500000007669865e-01,5.000000000000000000e+05,6.541347296322743205e+04,2.709926662451848388e+05,2.709859127839088906e+05,-8.993579388639098033e+04,3.584411525582933682e+05,1.954770572698826072e+04,3.812061631739931909e+04,3.364061392084115068e+05,3.363988054535963456e+05,-2.059743446907636535e+05,5.412240785795067204e+05,4.582086039032607223e+05,8.301547467624602723e+04,7.388281922445941018e+04,4.573118125213459716e+05,1.863118125213460007e+05,1.085100231931637609e+02,2.148271634986969332e+02,2.660611842279669190e+02,2.148271634986969332e+02,1.000000000000000000e+00
