{"parameter:Real:chr_flow_nom": 943.3970883872518, "parameter:Real:chr_dp_nom": 151431.43365777534}