{"parameter:Real:chr_flow_nom": 202.27339737476603, "parameter:Real:chr_dp_nom": 54598.52576617807}