{"parameter:Real:chr_flow_nom": 729.9141740830753, "parameter:Real:chr_dp_nom": 206812.824670718}