{"centers_norm": [[0.7436286215952423, 0.13055609158878279], [0.0008274996956205765, 0.6014681662813727]], "population": [1500, 1500], "centers_org": [[116.38399581356559, 0.7015908565027399], [25.140210982087826, 1.402874542320138]]}