{"parameter:Real:chr_flow_nom": 769.0922224586121, "parameter:Real:chr_dp_nom": 169282.2977853807}