nan,nan,nan,nan,nan,nan,nan,nan,nan,nan,nan,nan,nan,nan,nan,nan,nan,nan,nan,nan,nan,nan,nan,nan,nan
8.576720546988492515e+02,4.095370704263020889e+05,4.937499991431043012e-01,5.000000000000000000e+05,6.152438532617481542e+04,2.609979256467353553e+05,2.609958123143718112e+05,-7.238483526627336687e+04,3.302916027272804640e+05,4.678133506861335263e+03,7.325904008424771746e+03,3.225223109729100252e+05,3.225202366196453222e+05,-2.736589944496268245e-01,4.097653883857824258e+05,4.097907279561293544e+05,-2.533957034700840438e+01,3.749172267040445149e+04,4.095370704263020889e+05,1.485370704263020889e+05,1.052349246149369577e+02,2.397325189587010357e+02,-1.506736942902515697e+00,2.397325189587010357e+02,1.000000000000000222e+00
nan,nan,nan,nan,nan,nan,nan,nan,nan,nan,nan,nan,nan,nan,nan,nan,nan,nan,nan,nan,nan,nan,nan,nan,nan
1.845735200971413633e+03,4.593281703722120728e+05,9.437499999999876543e-01,5.000000000000000000e+05,5.885924656586236961e+04,2.709903955965316272e+05,2.709817409123070538e+05,-7.003690320593921933e+04,3.378430634004663443e+05,4.809185772556032134e+03,7.325904008424771746e+03,3.298496421623940696e+05,3.298400377589256968e+05,-1.872951907867536065e+05,5.156314804901884636e+05,4.605026228151855175e+05,5.512885767500293150e+04,3.749172267040445149e+04,4.593281703722120728e+05,1.883281703722120728e+05,1.029303860959203263e+02,2.430672343939612858e+02,3.043655679581925710e+02,2.430672343939612858e+02,1.000000000000000000e+00
