{"parameter:Real:chr_flow_nom": 555.5298386663073, "parameter:Real:chr_dp_nom": 268015.69994670193}