{"parameter:Real:chr_flow_nom": 947.019968310885, "parameter:Real:chr_dp_nom": 261406.2571526748}