{"parameter:Real:chr_flow_nom": 653.6125917646834, "parameter:Real:chr_dp_nom": 224894.96191757728}