{"parameter:Real:chr_flow_nom": 342.18671890208793, "parameter:Real:chr_dp_nom": 145852.62503293875}