{"parameter:Real:chr_flow_nom": 174.83996480591983, "parameter:Real:chr_dp_nom": 145086.83402443584}