{"parameter:Real:chr_flow_nom": 572.7839280512842, "parameter:Real:chr_dp_nom": 127355.21480963692}