{"parameter:Real:chr_flow_nom": 567.5315842508962, "parameter:Real:chr_dp_nom": 21672.584889100173}