{"parameter:Real:chr_flow_nom": 607.3604881280922, "parameter:Real:chr_dp_nom": 186452.891117376}