{"centers_norm": [[0.0008671784936580095, 0.5969048324696311], [0.00070925800411773, 0.6053273573400779]], "population": [1070, 1930], "centers_org": [[25.145085023878767, 1.3960788118067458], [25.125686475945447, 1.408621661316161]]}