{"parameter:Real:chr_flow_nom": 223.12616916571972, "parameter:Real:chr_dp_nom": 228722.06092518088}