{"parameter:Real:chr_flow_nom": 690.7384584029242, "parameter:Real:chr_dp_nom": 177662.71869758607}