{"parameter:Real:chr_flow_nom": 829.9895671704813, "parameter:Real:chr_dp_nom": 275614.3097739339}