{"parameter:Real:chr_flow_nom": 856.188220739911, "parameter:Real:chr_dp_nom": 65683.390903591}