{"parameter:Real:chr_flow_nom": 361.77180571133874, "parameter:Real:chr_dp_nom": 69902.12942861256}