nan,nan,nan,nan,nan,nan,nan,nan,nan,nan,nan,nan,nan,nan,nan,nan,nan,nan,nan,nan,nan,nan,nan,nan,nan
8.099090181232517125e+02,4.111403455876547960e+05,4.656249999997608136e-01,5.000000000000000000e+05,5.749450016505971143e+04,2.609981485016878287e+05,2.609962533760664519e+05,-8.134112493610457750e+04,3.395641840088791214e+05,1.829644585775434098e+04,3.191532430597368511e+04,3.184926486667476711e+05,3.184907971684355289e+05,-2.899768604098689750e-01,4.113389034737315378e+05,4.113667518109076773e+05,-2.784833717620028537e+01,3.888115272469638148e+04,4.111403455876547960e+05,1.501403455876547960e+05,1.017300841919967667e+02,2.271459465732349940e+02,-1.596581355000412650e+00,2.271459465732349940e+02,1.000000000000000000e+00
nan,nan,nan,nan,nan,nan,nan,nan,nan,nan,nan,nan,nan,nan,nan,nan,nan,nan,nan,nan,nan,nan,nan,nan,nan
1.806540473108984315e+03,4.528752005251711234e+05,9.437500000001142197e-01,5.000000000000000000e+05,4.829515443418361247e+04,2.709907991701885476e+05,2.709825732964841882e+05,-7.428085389419591229e+04,3.422429067170110065e+05,1.992820670485493611e+04,3.191532430597368511e+04,3.192859536043722183e+05,3.192767527745608240e+05,-1.908934021869085263e+05,5.087306261477589142e+05,4.540003028894228628e+05,5.473032325833607320e+04,3.888115272469638148e+04,4.528752005251711234e+05,1.818752005251710943e+05,9.323694438447159882e+01,2.370586099186248532e+02,2.977955214045720709e+02,2.370586099186248532e+02,1.000000000000000000e+00
