{"parameter:Real:chr_flow_nom": 746.473484940135, "parameter:Real:chr_dp_nom": 140170.23143018386}