{"parameter:Real:chr_flow_nom": 997.9716168130064, "parameter:Real:chr_dp_nom": 139355.6898539387}