{"parameter:Real:chr_flow_nom": 331.3560735477239, "parameter:Real:chr_dp_nom": 185095.7791784597}