{"parameter:Real:chr_flow_nom": 800.3146569014464, "parameter:Real:chr_dp_nom": 292960.38765976403}