{"parameter:Real:chr_flow_nom": 259.9016458746833, "parameter:Real:chr_dp_nom": 13547.971195022172}