{"parameter:Real:chr_flow_nom": 751.4491446980433, "parameter:Real:chr_dp_nom": 250854.36446028322}