{"parameter:Real:chr_flow_nom": 630.6248189172231, "parameter:Real:chr_dp_nom": 48372.34846221945}