{"parameter:Real:chr_flow_nom": 497.6010720077073, "parameter:Real:chr_dp_nom": 129934.13391083274}