{"parameter:Real:chr_flow_nom": 625.9095382536383, "parameter:Real:chr_dp_nom": 56736.38106275447}