{"parameter:Real:chr_flow_nom": 532.0124597553994, "parameter:Real:chr_dp_nom": 165597.5287857582}