{"parameter:Real:chr_flow_nom": 505.1230010085426, "parameter:Real:chr_dp_nom": 192271.15022289846}