{"parameter:Real:chr_flow_nom": 495.8271243219161, "parameter:Real:chr_dp_nom": 269415.2196438823}