{"centers_norm": [[0.0008064932800010019, 0.6022173334639566], [0.8287901779458509, 0.10053745212711028]], "population": [750, 2250], "centers_org": [[25.137630607866026, 1.4039902043541574], [126.84502299092998, 0.6568870078306758]]}