{"centers_norm": [[0.0007895004714473192, 0.004213961272262212], [0.0009082556312524298, 0.0011965379437014515]], "population": [84, 2916], "centers_org": [[5.799667271093654, 0.5206152534264247], [5.816733593559113, 0.5131272624669135]]}