{"parameter:Real:chr_flow_nom": 727.8248077153503, "parameter:Real:chr_dp_nom": 223425.5910735034}