{"parameter:Real:chr_flow_nom": 321.14663227995504, "parameter:Real:chr_dp_nom": 163114.96064666624}