nan,nan,nan,nan,nan,nan,nan,nan,nan,nan,nan,nan,nan,nan,nan,nan,nan,nan,nan,nan,nan,nan,nan,nan,nan
8.667685395500818686e+02,4.124398792096845573e+05,4.937500003116109815e-01,5.000000000000000000e+05,5.924593546300158778e+04,2.609978815907507087e+05,2.609957368915036495e+05,-7.113412661883120018e+04,3.289949724469335051e+05,5.614119567835026828e+03,8.663074125497503701e+03,3.202438170537523110e+05,3.202416986445030198e+05,-2.888012894525109897e-01,4.126837636037939810e+05,4.126989240245164838e+05,-1.516042072252827566e+01,2.125291420995659064e+04,4.124398792096845573e+05,1.514398792096845573e+05,1.032679446069315645e+02,2.415049676529934288e+02,-1.590108787950252900e+00,2.415049676529934288e+02,1.000000000000000000e+00
nan,nan,nan,nan,nan,nan,nan,nan,nan,nan,nan,nan,nan,nan,nan,nan,nan,nan,nan,nan,nan,nan,nan,nan,nan
nan,nan,nan,nan,nan,nan,nan,nan,nan,nan,nan,nan,nan,nan,nan,nan,nan,nan,nan,nan,nan,nan,nan,nan,nan
