{"centers_norm": [[0.5836440386193154, 0.27404189862171285], [0.22041799360046824, 0.43478478592680003], [0.32927246046189657, 0.3737913710408857]], "population": [1500, 754, 746], "centers_org": [[98.52885285187503, 0.9028048485102478], [53.807545236239854, 1.096493055720602], [67.20998199595323, 1.022998636284998]]}