nan,nan,nan,nan,nan,nan,nan,nan,nan,nan,nan,nan,nan,nan,nan,nan,nan,nan,nan,nan,nan,nan,nan,nan,nan
7.710003145884724063e+02,4.153063969251055969e+05,4.375000000065554784e-01,5.000000000000000000e+05,7.387739519751546322e+04,2.609983192933658429e+05,2.609965270661530667e+05,-8.584638577077821537e+04,3.442235444150802796e+05,6.726669222747766980e+03,1.242270897225495537e+04,3.348757144908812479e+05,3.348740337842471199e+05,-2.540194596152509088e-01,4.154615857021297561e+05,4.155119182798570255e+05,-5.033257772724865475e+01,8.023727026200352702e+04,4.153063969251055969e+05,1.543063969251056260e+05,1.153166559329257552e+02,2.207563146621286307e+02,-1.398603779817967796e+00,2.207563146621286307e+02,9.999999999999995559e-01
nan,nan,nan,nan,nan,nan,nan,nan,nan,nan,nan,nan,nan,nan,nan,nan,nan,nan,nan,nan,nan,nan,nan,nan,nan
1.645275809456324623e+03,4.531547009426031145e+05,8.593750000050779381e-01,5.000000000000000000e+05,7.468265558541532664e+04,2.709923685154273408e+05,2.709852987755389186e+05,-8.655263776577795215e+04,3.549425528430187260e+05,6.665075252081663166e+03,1.242270897225495537e+04,3.456750241008428275e+05,3.456673926162701100e+05,-2.035952961870760773e+05,5.480649090794173535e+05,4.540878995248376159e+05,9.397700955457973760e+04,8.023727026200352702e+04,4.531547009426031145e+05,1.821547009426030854e+05,1.159434258825172037e+02,2.197432926680104401e+02,2.716417123577285793e+02,2.197432926680104401e+02,1.000000000000000000e+00
