{"parameter:Real:chr_flow_nom": 789.337024350855, "parameter:Real:chr_dp_nom": 104986.10557021995}