{"parameter:Real:chr_flow_nom": 639.4179896627214, "parameter:Real:chr_dp_nom": 129721.09890598842}