{"parameter:Real:chr_flow_nom": 841.1509092465391, "parameter:Real:chr_dp_nom": 274914.78007711767}