nan,nan,nan,nan,nan,nan,nan,nan,nan,nan,nan,nan,nan,nan,nan,nan,nan,nan,nan,nan,nan,nan,nan,nan,nan
7.937939575119905840e+02,4.143253973004493746e+05,4.500000000088558161e-01,5.000000000000000000e+05,5.389615065404130291e+04,2.609982204243092856e+05,2.609964042242773576e+05,-8.470420555635637720e+04,3.430424024660097202e+05,2.548800781983909837e+04,4.638311048413438402e+04,3.148943710783505812e+05,3.148925915026598959e+05,-3.094604385654318168e-01,4.145220470380405895e+05,4.145430086309488979e+05,-2.096159290833178801e+01,2.742004586530118468e+04,4.143253973004493746e+05,1.533253973004493455e+05,9.849521367928207383e+01,2.223869332440618791e+02,-1.703855837412203922e+00,2.223869332440618791e+02,1.000000000000000000e+00
nan,nan,nan,nan,nan,nan,nan,nan,nan,nan,nan,nan,nan,nan,nan,nan,nan,nan,nan,nan,nan,nan,nan,nan,nan
1.828130250303348475e+03,4.559374508723050822e+05,9.437500000000209610e-01,5.000000000000000000e+05,3.786304170076826995e+04,2.709905779397708247e+05,2.709822574430622626e+05,-7.329431616834596207e+04,3.412205371692752233e+05,2.930256052877369439e+04,4.638311048413438402e+04,3.088536196405392839e+05,3.088441975803101086e+05,-1.891517741785482503e+05,4.965251790723573067e+05,4.570896058906196267e+05,3.943557318173764361e+04,2.742004586530118468e+04,4.559374508723050822e+05,1.849374508723050531e+05,8.254258379959082959e+01,2.384482315787553262e+02,3.010119324078324894e+02,2.384482315787553262e+02,1.000000000000000000e+00
