nan,nan,nan,nan,nan,nan,nan,nan,nan,nan,nan,nan,nan,nan,nan,nan,nan,nan,nan,nan,nan,nan,nan,nan,nan
7.088535058178624695e+02,4.084627721032977570e+05,4.093750000063626215e-01,5.000000000000000000e+05,6.243583383122183295e+04,2.609985716565455950e+05,2.609970518563440710e+05,-9.755947702452455997e+04,3.563385231971401954e+05,3.068459218108272762e+04,6.692224896447322681e+04,3.234344054877673625e+05,3.234329771443129284e+05,-2.674890110898066053e-01,4.085764792856107233e+05,4.086374338056076085e+05,-6.095451999688369682e+01,9.227017355827872234e+04,4.084627721032977570e+05,1.474627721032977570e+05,1.060115563965548375e+02,2.031403371344252093e+02,-1.472765679198826172e+00,2.031403371344252093e+02,1.000000000000000000e+00
1.351586996272996203e+03,3.621485175478251767e+05,9.718749999970162090e-01,5.000000000000000000e+05,2.715429498269802571e+04,2.669948498531156220e+05,2.669902460072162794e+05,1.005456545292891612e-29,2.941537486817128956e+05,2.166112891684513760e-27,6.692224896447322681e+04,2.941491448358137277e+05,2.941439946889292914e+05,-2.047352877417335112e+05,4.973873660506514134e+05,3.627782914437253494e+05,1.346090746069260349e+05,9.227017355827872234e+04,3.621485175478251767e+05,9.514851754782523494e+04,6.966828500328779228e+01,8.631361219731990052e-29,3.031658103919403970e+02,8.631361219731990052e-29,0.000000000000000000e+00
1.504593145396088858e+03,4.564158634174055187e+05,7.750000000002436051e-01,5.000000000000000000e+05,6.425678463531984744e+04,2.709936178094897186e+05,2.709876942624639487e+05,-9.873189175363583490e+04,3.675430941909683170e+05,3.011027633047187192e+04,6.692224896447322681e+04,3.352504024448092096e+05,3.352440202542989282e+05,-2.131901369185186340e+05,5.474340229331391165e+05,4.571962949414502946e+05,9.023772799168882193e+04,9.227017355827872234e+04,4.564158634174055187e+05,1.854158634174054314e+05,1.075463678343325995e+02,2.012302939829004913e+02,2.482202043254916930e+02,2.012302939829004913e+02,1.000000000000000000e+00
