{"parameter:Real:chr_flow_nom": 565.0103649405723, "parameter:Real:chr_dp_nom": 92332.14751831433}