nan,nan,nan,nan,nan,nan,nan,nan,nan,nan,nan,nan,nan,nan,nan,nan,nan,nan,nan,nan,nan,nan,nan,nan,nan
8.726907261213609672e+02,4.156138984015396563e+05,4.937500000182921123e-01,5.000000000000000000e+05,6.286987947871053620e+04,2.609978526361348340e+05,2.609956678422862315e+05,-6.961192396183538949e+04,3.274161247454393306e+05,3.547407142335704293e+02,5.376919027341755282e+02,3.238677321148454794e+05,3.238655847509803134e+05,-2.875093121553357056e-01,4.158620258269315236e+05,4.158764838651460595e+05,-1.445803821455711180e+01,2.035950759640642354e+04,4.156138984015396563e+05,1.546138984015396854e+05,1.063794073407437963e+02,2.436744668904168520e+02,-1.582995300133196004e+00,2.436744668904168520e+02,9.999999999999995559e-01
nan,nan,nan,nan,nan,nan,nan,nan,nan,nan,nan,nan,nan,nan,nan,nan,nan,nan,nan,nan,nan,nan,nan,nan,nan
nan,nan,nan,nan,nan,nan,nan,nan,nan,nan,nan,nan,nan,nan,nan,nan,nan,nan,nan,nan,nan,nan,nan,nan,nan
