{"parameter:Real:chr_flow_nom": 644.7667389988275, "parameter:Real:chr_dp_nom": 296568.77342993056}