{"parameter:Real:chr_flow_nom": 742.3218422160969, "parameter:Real:chr_dp_nom": 265638.26873246697}