{"parameter:Real:chr_flow_nom": 429.2535385879975, "parameter:Real:chr_dp_nom": 58290.910790658374}