{"parameter:Real:chr_flow_nom": 312.8464116484594, "parameter:Real:chr_dp_nom": 42296.77006543029}