{"parameter:Real:chr_flow_nom": 469.67203705998173, "parameter:Real:chr_dp_nom": 58277.755628765575}