{"parameter:Real:chr_flow_nom": 158.05372310089177, "parameter:Real:chr_dp_nom": 26438.21681349035}