{"parameter:Real:chr_flow_nom": 612.8772005056865, "parameter:Real:chr_dp_nom": 117290.70848471463}