{"parameter:Real:chr_flow_nom": 896.4385072418272, "parameter:Real:chr_dp_nom": 32223.187374295314}