{"parameter:Real:chr_flow_nom": 975.2417458438964, "parameter:Real:chr_dp_nom": 164479.2327461409}