{"parameter:Real:chr_flow_nom": 162.96909796051386, "parameter:Real:chr_dp_nom": 94097.70496630923}