{"parameter:Real:chr_flow_nom": 500.5830846610507, "parameter:Real:chr_dp_nom": 234561.7408001635}