nan,nan,nan,nan,nan,nan,nan,nan,nan,nan,nan,nan,nan,nan,nan,nan,nan,nan,nan,nan,nan,nan,nan,nan,nan
8.187458111053949779e+02,4.090924025121119339e+05,4.718749996758148102e-01,5.000000000000000000e+05,5.262822431849902205e+04,2.609981083567523456e+05,2.609961948671977152e+05,-8.053742831468723307e+04,3.387327510172523325e+05,2.230363263179627756e+04,3.852078616425476503e+04,3.136263326752512367e+05,3.136244410320035531e+05,-2.981419231052037100e-01,4.093021443593356526e+05,4.093237177667008946e+05,-2.157340736524062308e+01,2.929386169669271840e+04,4.090924025121119339e+05,1.480924025121119339e+05,9.732975073085219719e+01,2.282766472182304369e+02,-1.641537310600990063e+00,2.282766472182304369e+02,1.000000000000000000e+00
nan,nan,nan,nan,nan,nan,nan,nan,nan,nan,nan,nan,nan,nan,nan,nan,nan,nan,nan,nan,nan,nan,nan,nan,nan
1.832498283592319922e+03,4.565042176793207182e+05,9.437499999763777625e-01,5.000000000000000000e+05,4.181596007224812638e+04,2.709905328608815908e+05,2.709821374518036027e+05,-7.254948678502890107e+04,3.404485750272492296e+05,2.455063741379718340e+04,3.852078616425476503e+04,3.128064929331298918e+05,3.127970257940114825e+05,-1.887032232694467530e+05,5.000214592839680263e+05,4.576618850661800243e+05,4.235957421778795106e+04,2.929386169669271840e+04,4.565042176793207182e+05,1.855042176793207473e+05,8.675650824489366642e+01,2.394997530092662430e+02,3.018291642063422273e+02,2.394997530092662430e+02,1.000000000000000222e+00
