{"parameter:Real:chr_flow_nom": 376.63541096998057, "parameter:Real:chr_dp_nom": 168048.9779000239}