{"parameter:Real:chr_flow_nom": 472.05873219254806, "parameter:Real:chr_dp_nom": 197346.0103772803}