{"parameter:Real:chr_flow_nom": 394.49603157211544, "parameter:Real:chr_dp_nom": 138483.44354956385}