{"parameter:Real:chr_flow_nom": 850.7229118593249, "parameter:Real:chr_dp_nom": 85464.56631059425}