nan,nan,nan,nan,nan,nan,nan,nan,nan,nan,nan,nan,nan,nan,nan,nan,nan,nan,nan,nan,nan,nan,nan,nan,nan
8.596103238113769294e+02,4.104511280683506047e+05,4.937499999724335731e-01,5.000000000000000000e+05,6.379376447407755768e+04,2.609979163020004926e+05,2.609957860108916066e+05,-7.173413596859597601e+04,3.296170931349936291e+05,1.710453161056170984e+03,2.658084422220515080e+03,3.247916807760780794e+05,3.247895970780786010e+05,-2.696830417658991896e-01,4.106792951347745256e+05,4.107059282976369141e+05,-2.663316286236030805e+01,3.998756929237428994e+04,4.104511280683506047e+05,1.494511280683506338e+05,1.071581896325892558e+02,2.406536553017492679e+02,-1.484845775744450647e+00,2.406536553017492679e+02,1.000000000000000000e+00
nan,nan,nan,nan,nan,nan,nan,nan,nan,nan,nan,nan,nan,nan,nan,nan,nan,nan,nan,nan,nan,nan,nan,nan,nan
1.843079415968920785e+03,4.590910860114137759e+05,9.437499999999046096e-01,5.000000000000000000e+05,6.193708753225585679e+04,2.709904232157478691e+05,2.709817685215867241e+05,-7.004931289107121120e+04,3.378559634984602453e+05,1.744680078595351688e+03,2.658084422220515080e+03,3.329275107480036677e+05,3.329179339637515368e+05,-1.875010288922296022e+05,5.189188497092346661e+05,4.602621611018963740e+05,5.865668860733820475e+04,3.998756929237428994e+04,4.590910860114137759e+05,1.880910860114137467e+05,1.055872897455278832e+02,2.430495216516785604e+02,3.039974842088708442e+02,2.430495216516785604e+02,1.000000000000000000e+00
