{"parameter:Real:chr_flow_nom": 998.0366379105151, "parameter:Real:chr_dp_nom": 299120.77818362846}