{"parameter:Real:chr_flow_nom": 107.90549520698545, "parameter:Real:chr_dp_nom": 252925.61677147885}