nan,nan,nan,nan,nan,nan,nan,nan,nan,nan,nan,nan,nan,nan,nan,nan,nan,nan,nan,nan,nan,nan,nan,nan,nan
8.638302967788586102e+02,4.131445549792969250e+05,4.937500000026880942e-01,5.000000000000000000e+05,6.198270096094188193e+04,2.609978958767806762e+05,2.609957537385510805e+05,-7.125541061184434511e+04,3.291207433037363808e+05,3.007583218516893339e+03,4.647589100527877235e+03,3.229805968377225799e+05,3.229784927145032561e+05,-2.829374004276382082e-01,4.134011149326186278e+05,4.134018528597325203e+05,-7.379271139115533007e-01,1.055954063236350294e+03,4.131445549792969250e+05,1.521445549792969250e+05,1.056261623508567027e+02,2.413327262057936764e+02,-1.557822846680075646e+00,2.413327262057936764e+02,1.000000000000000000e+00
nan,nan,nan,nan,nan,nan,nan,nan,nan,nan,nan,nan,nan,nan,nan,nan,nan,nan,nan,nan,nan,nan,nan,nan,nan
nan,nan,nan,nan,nan,nan,nan,nan,nan,nan,nan,nan,nan,nan,nan,nan,nan,nan,nan,nan,nan,nan,nan,nan,nan
