nan,nan,nan,nan,nan,nan,nan,nan,nan,nan,nan,nan,nan,nan,nan,nan,nan,nan,nan,nan,nan,nan,nan,nan,nan
8.253269799486346301e+02,4.154845639955969527e+05,4.656250000108376752e-01,5.000000000000000000e+05,6.325945626688568882e+04,2.609980781361648988e+05,2.609960977638636832e+05,-7.779309362621385662e+04,3.358930057359376224e+05,8.737305248522137845e+03,1.459365035800065561e+04,3.242575344030506094e+05,3.242556125392155373e+05,-2.858875643056610905e-01,4.156931765939082834e+05,4.157195747053857194e+05,-2.639811147744356035e+01,3.738451281327236939e+04,4.154845639955969527e+05,1.544845639955969818e+05,1.067084913586515995e+02,2.321282731011997669e+02,-1.574066131179360450e+00,2.321282731011997669e+02,1.000000000000000000e+00
nan,nan,nan,nan,nan,nan,nan,nan,nan,nan,nan,nan,nan,nan,nan,nan,nan,nan,nan,nan,nan,nan,nan,nan,nan
1.836930177274542075e+03,4.573251399990401696e+05,9.437500000031655567e-01,5.000000000000000000e+05,5.530580949756669725e+04,2.709904870129904593e+05,2.709819382434108993e+05,-7.106324669565651857e+04,3.389076790523030795e+05,9.465327822651803217e+03,1.459365035800065561e+04,3.262962965105570038e+05,3.262867835235474631e+05,-1.881251087963156751e+05,5.129228284942607861e+05,4.584884137900834903e+05,5.443441470417729579e+04,3.738451281327236939e+04,4.573251399990401696e+05,1.863251399990401114e+05,9.977497536738360395e+01,2.416056667189716052e+02,3.028758441609921306e+02,2.416056667189716052e+02,1.000000000000000222e+00
