{"parameter:Real:chr_flow_nom": 792.1018271696265, "parameter:Real:chr_dp_nom": 16458.6339077278}