nan,nan,nan,nan,nan,nan,nan,nan,nan,nan,nan,nan,nan,nan,nan,nan,nan,nan,nan,nan,nan,nan,nan,nan,nan
8.773942609316915195e+02,4.081947486775190337e+05,3.749999999990556998e-01,5.000000000000000000e+05,5.659063959795211122e+04,2.609978294877006847e+05,2.609956480311820924e+05,-6.968950501359166810e+04,3.274965915310670971e+05,6.717379411418101881e+03,1.019102590220552884e+04,3.175884690856527886e+05,3.175862985733534442e+05,-2.842039834196095072e-01,4.084443920151463244e+05,4.084601647942861891e+05,-1.577277913986225144e+01,2.246966747807403954e+04,4.081947486775190337e+05,1.471947486775190337e+05,1.009272764302662608e+02,2.435635197417221320e+02,-1.564796516188337927e+00,2.435635197417221320e+02,1.000000000000000000e+00
1.750247871537042101e+03,3.595102886409829371e+05,9.437500000006233680e-01,5.000000000000000000e+05,1.262012692230873654e+04,2.669913636402963893e+05,2.669840155364720849e+05,6.846593827443747038e-40,2.796188386664293357e+05,2.246155008211163736e-38,1.019102590220552884e+04,2.796114905626050313e+05,2.796028542029014206e+05,-1.383634733274501632e+05,4.154676107898373157e+05,3.605663660731457639e+05,5.490124471669152263e+04,2.246966747807403954e+04,3.595102886409829371e+05,9.251028864098296617e+04,4.530974004084646367e+01,5.877471754111437540e-39,3.923435290652425351e+02,5.877471754111437540e-39,0.000000000000000000e+00
1.953790155190208907e+03,4.550520154442768544e+05,7.468749999909382042e-01,5.000000000000000000e+05,4.730237984017687268e+04,2.709892381374767283e+05,2.709796966750305146e+05,-6.169650376405708812e+04,3.291758228968160693e+05,7.374285844437387823e+03,1.019102590220552884e+04,3.182916179776533972e+05,3.182808561151301255e+05,-1.767634125883342058e+05,4.933606259824155131e+05,4.563680051122471923e+05,3.699262087016833539e+04,2.246966747807403954e+04,4.550520154442768544e+05,1.840520154442768544e+05,9.227366022452908112e+01,2.551950733780961116e+02,3.220571530492912302e+02,2.551950733780961116e+02,1.000000000000000222e+00
