{"parameter:Real:chr_flow_nom": 104.43483510776821, "parameter:Real:chr_dp_nom": 63666.264155909055}