{"parameter:Real:chr_flow_nom": 593.2391662989621, "parameter:Real:chr_dp_nom": 174856.46558919907}