{"parameter:Real:chr_flow_nom": 459.1511688485237, "parameter:Real:chr_dp_nom": 148647.25334005844}