{"parameter:Real:chr_flow_nom": 760.6871498016736, "parameter:Real:chr_dp_nom": 115863.52526564499}