nan,nan,nan,nan,nan,nan,nan,nan,nan,nan,nan,nan,nan,nan,nan,nan,nan,nan,nan,nan,nan,nan,nan,nan,nan
8.609170865124589227e+02,4.120533720768511994e+05,4.937499999921490246e-01,5.000000000000000000e+05,5.701382311489382118e+04,2.609979099888042838e+05,2.609957996614104777e+05,-7.247136228243452206e+04,3.303812690142958309e+05,9.281532591936806057e+03,1.454962054495377197e+04,3.180117331036979449e+05,3.180096430925022578e+05,-2.941491186472742769e-01,4.123013930358419311e+05,4.123089443008558010e+05,-7.551265013863980968e+00,1.039307501929845785e+04,4.120533720768511994e+05,1.510533720768511412e+05,1.013039395121477355e+02,2.396101815502080683e+02,-1.619553359389565683e+00,2.396101815502080683e+02,1.000000000000000000e+00
nan,nan,nan,nan,nan,nan,nan,nan,nan,nan,nan,nan,nan,nan,nan,nan,nan,nan,nan,nan,nan,nan,nan,nan,nan
nan,nan,nan,nan,nan,nan,nan,nan,nan,nan,nan,nan,nan,nan,nan,nan,nan,nan,nan,nan,nan,nan,nan,nan,nan
