{"parameter:Real:chr_flow_nom": 812.6560432740722, "parameter:Real:chr_dp_nom": 163254.14136311435}