{"centers_norm": [[0.2616887529567052, 0.1920859383264514], [0.6640448954379279, 0.9975821608608827]], "population": [2250, 750], "centers_org": [[364.2215600178734, 67199.3199941324], [709.6306145441206, 298426.70834945556]]}