nan,nan,nan,nan,nan,nan,nan,nan,nan,nan,nan,nan,nan,nan,nan,nan,nan,nan,nan,nan,nan,nan,nan,nan,nan
8.594576065677426868e+02,4.113475684909417760e+05,4.937500000019930946e-01,5.000000000000000000e+05,6.055772290524643904e+04,2.609979170391176012e+05,2.609957995169144706e+05,-7.221186812096422364e+04,3.301123146219811752e+05,5.459204077609452725e+03,8.531629156367780524e+03,3.215556399443639093e+05,3.215535569834815105e+05,-2.817870343284624157e-01,4.115810196863368619e+05,4.116022785835584509e+05,-2.125889722156954065e+01,3.054531839110326473e+04,4.113475684909417760e+05,1.503475684909418051e+05,1.044049334224411041e+02,2.399771739406765221e+02,-1.551489054863815831e+00,2.399771739406765221e+02,1.000000000000000000e+00
nan,nan,nan,nan,nan,nan,nan,nan,nan,nan,nan,nan,nan,nan,nan,nan,nan,nan,nan,nan,nan,nan,nan,nan,nan
1.889238346228036789e+03,4.585430303092431859e+05,9.718749999886612256e-01,5.000000000000000000e+05,5.418530227558160550e+04,2.709899375181528158e+05,2.709809299360829755e+05,-6.664121249997211271e+04,3.343174237369383336e+05,5.828457595922898690e+03,8.531629156367780524e+03,3.251752397937344504e+05,3.251651773118872661e+05,-1.832191348041810270e+05,5.068095404225451057e+05,4.597734978158111917e+05,4.703604260673392128e+04,3.054531839110326473e+04,4.585430303092431859e+05,1.875430303092431859e+05,9.875907254325898066e+01,2.479602642093159091e+02,3.114704001658885772e+02,2.479602642093159091e+02,1.000000000000000222e+00
