nan,nan,nan,nan,nan,nan,nan,nan,nan,nan,nan,nan,nan,nan,nan,nan,nan,nan,nan,nan,nan,nan,nan,nan,nan
8.608323580536630288e+02,4.104035296799441567e+05,4.937500002262198984e-01,5.000000000000000000e+05,6.507099912952623708e+04,2.609979103984608082e+05,2.609957700188322342e+05,-7.134959290674826480e+04,3.292184093607645482e+05,2.040582579400864915e+01,3.156789105457508526e+01,3.260689095279870089e+05,3.260668199264478171e+05,-2.657836902068048124e-01,4.106310786827226984e+05,4.106590518100442132e+05,-2.797312732154029291e+01,4.261654929055875255e+04,4.104035296799441567e+05,1.494035296799441858e+05,1.082255969875644865e+02,2.411990303399674360e+02,-1.463376366126586392e+00,2.411990303399674360e+02,1.000000000000000000e+00
nan,nan,nan,nan,nan,nan,nan,nan,nan,nan,nan,nan,nan,nan,nan,nan,nan,nan,nan,nan,nan,nan,nan,nan,nan
1.839273560087957094e+03,4.577241586797966156e+05,9.437499999999312550e-01,5.000000000000000000e+05,6.387202338521475758e+04,2.709904627259598929e+05,2.709818272898163414e+05,-7.024557969672455511e+04,3.380596005101577030e+05,2.067242310008939654e+01,3.156789105457508526e+01,3.348624861111746286e+05,3.348529488371345215e+05,-1.878142347966155212e+05,5.211726103992512217e+05,4.588904023546467070e+05,6.228220804460447107e+04,4.261654929055875255e+04,4.577241586797966156e+05,1.867241586797966447e+05,1.072238975664411242e+02,2.427695217111298689e+02,3.034356342147460168e+02,2.427695217111298689e+02,1.000000000000000000e+00
