{"parameter:Real:chr_flow_nom": 788.7985373823025, "parameter:Real:chr_dp_nom": 255979.35377256037}