nan,nan,nan,nan,nan,nan,nan,nan,nan,nan,nan,nan,nan,nan,nan,nan,nan,nan,nan,nan,nan,nan,nan,nan,nan
8.592695838148982830e+02,4.106319722286877222e+05,4.937499991547865119e-01,5.000000000000000000e+05,5.799177274107374251e+04,2.609979179464456392e+05,2.609958110436190909e+05,-7.261405792234340333e+04,3.305291686227187165e+05,8.456670627514919033e+03,1.327892094408962475e+04,3.189896906875194982e+05,3.189876086339651374e+05,-2.872202778178636895e-01,4.108846790676425444e+05,4.108865713707766263e+05,-1.892303134100148831e+00,2.667388035777960795e+03,4.106319722286877222e+05,1.496319722286876931e+05,1.021690711193621155e+02,2.394085024229094927e+02,-1.581403908207956510e+00,2.394085024229094927e+02,1.000000000000000222e+00
nan,nan,nan,nan,nan,nan,nan,nan,nan,nan,nan,nan,nan,nan,nan,nan,nan,nan,nan,nan,nan,nan,nan,nan,nan
nan,nan,nan,nan,nan,nan,nan,nan,nan,nan,nan,nan,nan,nan,nan,nan,nan,nan,nan,nan,nan,nan,nan,nan,nan
