{"centers_norm": [[0.9962371415632816, 0.12485573313812427], [0.00037941012183213135, 0.6243319151957075]], "population": [2250, 750], "centers_org": [[147.64186162514983, 0.6932916474292135], [25.548229534887707, 1.4378722971445599]]}