{"parameter:Real:chr_flow_nom": 958.6335604305574, "parameter:Real:chr_dp_nom": 201413.60925448648}