{"parameter:Real:chr_flow_nom": 802.4110187722672, "parameter:Real:chr_dp_nom": 98875.36392170587}