nan,nan,nan,nan,nan,nan,nan,nan,nan,nan,nan,nan,nan,nan,nan,nan,nan,nan,nan,nan,nan,nan,nan,nan,nan
8.119299482038562701e+02,4.101136229314780212e+05,4.656250000054668048e-01,5.000000000000000000e+05,7.228074924933070724e+04,2.609981393646822544e+05,2.609961844618472387e+05,-7.891777061702826177e+04,3.370569958745143376e+05,9.191930961659204513e+02,1.556379641284905574e+03,3.332788886140129762e+05,3.332770279786952306e+05,-2.433792851695441017e-01,4.102950681410676916e+05,4.103411464524958865e+05,-4.607831142816700520e+01,7.667105917931326258e+04,4.101136229314780212e+05,1.491136229314779339e+05,1.140637315928228190e+02,2.305509207533440872e+02,-1.340020125556880437e+00,2.305509207533440872e+02,1.000000000000000000e+00
nan,nan,nan,nan,nan,nan,nan,nan,nan,nan,nan,nan,nan,nan,nan,nan,nan,nan,nan,nan,nan,nan,nan,nan,nan
1.669588684996115489e+03,4.561363939066545572e+05,8.593749999921191929e-01,5.000000000000000000e+05,7.800537282412131026e+04,2.709921413021464250e+05,2.709848542466696817e+05,-8.422916867375929723e+04,3.525396380510702729e+05,8.604519464794793748e+02,1.556379641284905574e+03,3.489975141262672259e+05,3.489896554284135927e+05,-2.018210941362430458e+05,5.495772268945164979e+05,4.570973767436536145e+05,9.247985015086295607e+04,7.667105917931326258e+04,4.561363939066545572e+05,1.851363939066545572e+05,1.184945868313900377e+02,2.230626178667241675e+02,2.756649489760730489e+02,2.230626178667241675e+02,1.000000000000000000e+00
