{"parameter:Real:chr_flow_nom": 513.8953450308181, "parameter:Real:chr_dp_nom": 197018.33110276615}