{"parameter:Real:chr_flow_nom": 968.6121518455765, "parameter:Real:chr_dp_nom": 74401.94129020837}