{"parameter:Real:chr_flow_nom": 910.8498732769244, "parameter:Real:chr_dp_nom": 100494.09547317124}