{"parameter:Real:chr_flow_nom": 662.839761842459, "parameter:Real:chr_dp_nom": 93970.18518792157}