{"parameter:Real:chr_flow_nom": 591.5913875572759, "parameter:Real:chr_dp_nom": 259686.27122927015}