{"parameter:Real:chr_flow_nom": 785.2837765327672, "parameter:Real:chr_dp_nom": 128405.92921201799}