nan,nan,nan,nan,nan,nan,nan,nan,nan,nan,nan,nan,nan,nan,nan,nan,nan,nan,nan,nan,nan,nan,nan,nan,nan
8.421648093396177046e+02,4.083243296898215194e+05,9.437500000031472380e-01,5.000000000000000000e+05,6.489756048317084787e+04,2.609979995716879203e+05,2.609959413345874927e+05,-7.461423875573206169e+04,3.326015976233354886e+05,3.695396804220682952e+03,5.941717304183135639e+03,3.258955600548586808e+05,3.258935596265465720e+05,-2.601084884863832936e-01,4.085353961176272715e+05,4.085689474764302140e+05,-3.355135880285905614e+01,5.223180357354079024e+04,4.083243296898215194e+05,1.473243296898214903e+05,1.080812698249365980e+02,2.365896826104876141e+02,-1.432129316827948307e+00,2.365896826104876141e+02,1.000000000000000000e+00
nan,nan,nan,nan,nan,nan,nan,nan,nan,nan,nan,nan,nan,nan,nan,nan,nan,nan,nan,nan,nan,nan,nan,nan,nan
nan,nan,nan,nan,nan,nan,nan,nan,nan,nan,nan,nan,nan,nan,nan,nan,nan,nan,nan,nan,nan,nan,nan,nan,nan
