{"parameter:Real:chr_flow_nom": 513.5065463365662, "parameter:Real:chr_dp_nom": 172386.41479078223}