{"parameter:Real:chr_flow_nom": 702.2010746385653, "parameter:Real:chr_dp_nom": 168746.69479168922}