{"parameter:Real:chr_flow_nom": 474.8925365181074, "parameter:Real:chr_dp_nom": 262070.49219735715}