{"parameter:Real:chr_flow_nom": 285.3479808419184, "parameter:Real:chr_dp_nom": 21262.605662017522}