nan,nan,nan,nan,nan,nan,nan,nan,nan,nan,nan,nan,nan,nan,nan,nan,nan,nan,nan,nan,nan,nan,nan,nan,nan
8.626961413347482903e+02,4.135259306966913864e+05,4.937499999982509769e-01,5.000000000000000000e+05,6.076457256603549467e+04,2.609979013769964513e+05,2.609957688375671860e+05,-7.162190886309836060e+04,3.295007320317146950e+05,4.619179817963764435e+03,7.168832995358215157e+03,3.217624739430319169e+05,3.217603753200283390e+05,-2.875772771408421913e-01,4.137802596023371443e+05,4.137825559958597878e+05,-2.296393522668715548e+00,3.232967821698908210e+03,4.135259306966913864e+05,1.525259306966914155e+05,1.045830916634538426e+02,2.408127391369604879e+02,-1.583369508021712502e+00,2.408127391369604879e+02,1.000000000000000000e+00
nan,nan,nan,nan,nan,nan,nan,nan,nan,nan,nan,nan,nan,nan,nan,nan,nan,nan,nan,nan,nan,nan,nan,nan,nan
nan,nan,nan,nan,nan,nan,nan,nan,nan,nan,nan,nan,nan,nan,nan,nan,nan,nan,nan,nan,nan,nan,nan,nan,nan
