{"parameter:Real:chr_flow_nom": 856.1735230611429, "parameter:Real:chr_dp_nom": 245963.78017294224}