{"parameter:Real:chr_flow_nom": 260.32880479358045, "parameter:Real:chr_dp_nom": 98830.02810332483}