{"parameter:Real:chr_flow_nom": 643.9380058692262, "parameter:Real:chr_dp_nom": 141410.2423530571}