{"parameter:Real:chr_flow_nom": 754.7024008386012, "parameter:Real:chr_dp_nom": 252614.11775341406}