{"parameter:Real:chr_flow_nom": 124.25477545881887, "parameter:Real:chr_dp_nom": 205136.08470828432}