{"parameter:Real:chr_flow_nom": 777.8114234399628, "parameter:Real:chr_dp_nom": 152052.80322842364}