{"parameter:Real:chr_flow_nom": 555.6555792127385, "parameter:Real:chr_dp_nom": 148112.84308047558}