nan,nan,nan,nan,nan,nan,nan,nan,nan,nan,nan,nan,nan,nan,nan,nan,nan,nan,nan,nan,nan,nan,nan,nan,nan
7.491573407209704101e+02,4.145116405402279343e+05,9.718749999998915756e-01,5.000000000000000000e+05,7.001977277179044904e+04,2.609984108704154496e+05,2.609967165848058357e+05,-9.006695827316609211e+04,3.485875779249003390e+05,1.509160301449133658e+04,2.948360313263890930e+04,3.310181836422060151e+05,3.310165945126213483e+05,-2.630496707260494005e-01,4.146538186598102911e+05,4.147059636055773590e+05,-5.214494576709587648e+01,8.026879668065022270e+04,4.145116405402279343e+05,1.535116405402279343e+05,1.122655739704842972e+02,2.146340708302222708e+02,-1.448323149394008968e+00,2.146340708302222708e+02,1.000000000000000000e+00
nan,nan,nan,nan,nan,nan,nan,nan,nan,nan,nan,nan,nan,nan,nan,nan,nan,nan,nan,nan,nan,nan,nan,nan,nan
nan,nan,nan,nan,nan,nan,nan,nan,nan,nan,nan,nan,nan,nan,nan,nan,nan,nan,nan,nan,nan,nan,nan,nan,nan
