{"parameter:Real:chr_flow_nom": 387.67333939296066, "parameter:Real:chr_dp_nom": 286931.47839370585}