{"parameter:Real:chr_flow_nom": 280.9771599928528, "parameter:Real:chr_dp_nom": 179204.9262443271}