{"parameter:Real:chr_flow_nom": 545.8483693885125, "parameter:Real:chr_dp_nom": 179141.6929126979}