{"parameter:Real:chr_flow_nom": 747.8999978688545, "parameter:Real:chr_dp_nom": 23800.254051276894}