{"centers_norm": [[0.00203887877515163, 0.5788674963342271], [0.9950107010363611, 0.7506946079684533]], "population": [2250, 750], "centers_org": [[25.289013681522924, 1.369805101601198], [147.26312575935273, 1.6258649588832037]]}