{"parameter:Real:chr_flow_nom": 468.8436763156143, "parameter:Real:chr_dp_nom": 195284.56471322587}