{"parameter:Real:chr_flow_nom": 962.0408789917356, "parameter:Real:chr_dp_nom": 150576.36139702506}