{"parameter:Real:chr_flow_nom": 913.187085312477, "parameter:Real:chr_dp_nom": 226858.81440407963}