{"centers_norm": [[0.20693241738933016, 0.4107474136004067], [0.5753140599010558, 0.24021360004513925]], "population": [2250, 750], "centers_org": [[50.85688311049226, 1.139259734097416], [96.83735700981393, 0.8907759015191813]]}