{"parameter:Real:chr_flow_nom": 338.03173382696434, "parameter:Real:chr_dp_nom": 126724.92622075402}