{"parameter:Real:chr_flow_nom": 249.22314985301327, "parameter:Real:chr_dp_nom": 28266.123060165348}