{"parameter:Real:chr_flow_nom": 836.6360752567397, "parameter:Real:chr_dp_nom": 51133.90160432939}