{"parameter:Real:chr_flow_nom": 585.9500382212248, "parameter:Real:chr_dp_nom": 237305.028115054}