{"parameter:Real:chr_flow_nom": 117.82746974042294, "parameter:Real:chr_dp_nom": 141644.52292545812}