{"parameter:Real:chr_flow_nom": 800.6569156078237, "parameter:Real:chr_dp_nom": 18214.64536938155}