{"parameter:Real:chr_flow_nom": 252.01882898729562, "parameter:Real:chr_dp_nom": 152183.5624725401}