nan,nan,nan,nan,nan,nan,nan,nan,nan,nan,nan,nan,nan,nan,nan,nan,nan,nan,nan,nan,nan,nan,nan,nan,nan
7.572420012449705382e+02,4.103901071668482618e+05,4.374999999958874008e-01,5.000000000000000000e+05,6.304315368716991361e+04,2.609983773380575003e+05,2.609966739637121500e+05,-8.963733328688885376e+04,3.481433139921632828e+05,2.160938628433876147e+04,4.196961777753083879e+04,3.240415310252273921e+05,3.240399083632848924e+05,-2.714792591263024968e-01,4.105413575879872078e+05,4.105885306596508017e+05,-4.717307166360864557e+01,7.035725543229495815e+04,4.103901071668482618e+05,1.493901071668482909e+05,1.065259013746918981e+02,2.152657636504723939e+02,-1.494735555029233831e+00,2.152657636504723939e+02,1.000000000000000000e+00
nan,nan,nan,nan,nan,nan,nan,nan,nan,nan,nan,nan,nan,nan,nan,nan,nan,nan,nan,nan,nan,nan,nan,nan,nan
1.614375737876281846e+03,4.591258726604416152e+05,8.312499999988914867e-01,5.000000000000000000e+05,6.344828062580668484e+04,2.709926524787626113e+05,2.709859000322057400e+05,-8.994204476163588697e+04,3.584476030772989616e+05,2.151957576002328642e+04,4.196961777753083879e+04,3.344409331045692088e+05,3.344335855833318201e+05,-2.059003721512185002e+05,5.391833614496351220e+05,4.600243474377145176e+05,7.915901401192066260e+04,7.035725543229495815e+04,4.591258726604416152e+05,1.881258726604415860e+05,1.068676307992518559e+02,2.148179660996985945e+02,2.662376459710444578e+02,2.148179660996985945e+02,1.000000000000000000e+00
