{"centers_norm": [[0.12315276177215022, 0.4586316126762681], [0.6800141666520891, 0.1903915919637033], [0.005876236098432154, 0.260696947632636]], "population": [1500, 750, 750], "centers_org": [[41.027256575099095, 1.190354125226346], [110.05747856412529, 0.7901105399031969], [26.48930416824495, 0.8950138557678557]]}