{"parameter:Real:chr_flow_nom": 874.7180617095282, "parameter:Real:chr_dp_nom": 205000.46695304775}