{"parameter:Real:chr_flow_nom": 423.82909241308573, "parameter:Real:chr_dp_nom": 97840.11347392357}