{"parameter:Real:chr_flow_nom": 667.3264864466723, "parameter:Real:chr_dp_nom": 280404.18528106913}