{"parameter:Real:chr_flow_nom": 585.0749675171999, "parameter:Real:chr_dp_nom": 269926.7887127727}