{"parameter:Real:chr_flow_nom": 566.3140537511015, "parameter:Real:chr_dp_nom": 191135.42056023955}