nan,nan,nan,nan,nan,nan,nan,nan,nan,nan,nan,nan,nan,nan,nan,nan,nan,nan,nan,nan,nan,nan,nan,nan,nan
8.532526922195828547e+02,4.084629932741544908e+05,4.937499999947435048e-01,5.000000000000000000e+05,6.586264373673265800e+04,2.609979468664886663e+05,2.609958369174202671e+05,-7.255318928482511546e+04,3.304661117132557556e+05,5.204966103181882318e+02,8.167125949375148366e+02,3.268605906032212079e+05,3.268585374697098741e+05,-2.576846388126551868e-01,4.086816074000010849e+05,4.087140559951320756e+05,-3.244859513107718385e+01,5.099089400786814804e+04,4.084629932741544908e+05,1.474629932741545199e+05,1.088819354742184942e+02,2.394945202187413997e+02,-1.418783861639116628e+00,2.394945202187413997e+02,1.000000000000000000e+00
nan,nan,nan,nan,nan,nan,nan,nan,nan,nan,nan,nan,nan,nan,nan,nan,nan,nan,nan,nan,nan,nan,nan,nan,nan
1.809693006271304512e+03,4.526024448482261505e+05,9.437500000021807889e-01,5.000000000000000000e+05,6.598631940863541968e+04,2.709907670300508616e+05,2.709823766740218853e+05,-7.267946631792483095e+04,3.405835205827798927e+05,5.197213173314218011e+02,8.167125949375148366e+02,3.369770864386862377e+05,3.369678534687370993e+05,-1.904165804006073158e+05,5.259363119348490145e+05,4.537314773954709526e+05,7.220483453937803279e+04,5.099089400786814804e+04,4.526024448482261505e+05,1.816024448482260923e+05,1.089841157855325946e+02,2.393160871483401593e+02,2.986830289363392126e+02,2.393160871483401593e+02,1.000000000000000888e+00
