{"parameter:Real:chr_flow_nom": 906.7387680850532, "parameter:Real:chr_dp_nom": 107963.90789414363}