{"parameter:Real:chr_flow_nom": 171.05308968766724, "parameter:Real:chr_dp_nom": 76713.83781516369}