{"parameter:Real:chr_flow_nom": 525.8131182157035, "parameter:Real:chr_dp_nom": 278252.23866880406}