{"parameter:Real:chr_flow_nom": 139.57067192276605, "parameter:Real:chr_dp_nom": 13993.56554569958}