nan,nan,nan,nan,nan,nan,nan,nan,nan,nan,nan,nan,nan,nan,nan,nan,nan,nan,nan,nan,nan,nan,nan,nan,nan
8.231468700424153440e+02,4.120879109537519980e+05,2.687499978679973034e-01,5.000000000000000000e+05,5.452331226645453717e+04,2.609980881776218885e+05,2.609961491173653048e+05,-7.946795599049323937e+04,3.376262482747614267e+05,1.926505188057410487e+04,3.283919687346151477e+04,3.155214004440765129e+05,3.155194886216984014e+05,-3.013193208746147156e-01,4.123034736866289750e+05,4.123216937670091866e+05,-1.822008038019443532e+01,2.447909762441079511e+04,4.120879109537519980e+05,1.510879109537519398e+05,9.906662509625435575e+01,2.297788663818705572e+02,-1.659031720426970891e+00,2.297788663818705572e+02,9.999999999999995559e-01
1.704079069229152992e+03,3.599823332248116494e+05,7.093749999905023529e-01,5.000000000000000000e+05,2.554661272324792208e+03,2.669918132582598482e+05,2.669850928590453113e+05,2.053978148233123867e-39,2.695531949297991232e+05,2.171378835579089867e-37,3.283919687346151477e+04,2.695464745305846445e+05,2.695382877888444928e+05,-1.501026372447008034e+05,4.172886674890249851e+05,3.609834301558620646e+05,5.630523733316294238e+04,2.447909762441079511e+04,3.599823332248116494e+05,9.298233322481163486e+04,1.307490161852797428e+01,1.763241526233431001e-38,3.806715461262799067e+02,1.763241526233431001e-38,0.000000000000000000e+00
1.871261874665447976e+03,4.575009266689914512e+05,5.500000000137519329e-01,5.000000000000000000e+05,4.104774120416474761e+04,2.709901281000634772e+05,2.709813972916663042e+05,-6.923731376280559925e+04,3.370131792432196671e+05,2.176104725523092930e+04,3.283919687346151477e+04,3.120378693042285740e+05,3.120279974042920512e+05,-1.851265111160931992e+05,4.956127468094488722e+05,4.587080893038628274e+05,3.690465750558616128e+04,2.447909762441079511e+04,4.575009266689914512e+05,1.865009266689914803e+05,8.595490779361489331e+01,2.442108116794310888e+02,3.081886276328693839e+02,2.442108116794310888e+02,1.000000000000000000e+00
