{"parameter:Real:chr_flow_nom": 468.41062533297605, "parameter:Real:chr_dp_nom": 106059.7851005453}