{"parameter:Real:chr_flow_nom": 111.269445475087, "parameter:Real:chr_dp_nom": 249030.28390804655}