{"parameter:Real:chr_flow_nom": 175.09939467599227, "parameter:Real:chr_dp_nom": 282940.4806614851}