nan,nan,nan,nan,nan,nan,nan,nan,nan,nan,nan,nan,nan,nan,nan,nan,nan,nan,nan,nan,nan,nan,nan,nan,nan
8.185122014688420222e+02,4.126459645851869136e+05,4.656249999976243004e-01,5.000000000000000000e+05,6.506353758583522722e+04,2.609981094244272972e+05,2.609961514206704742e+05,-7.873635109043645207e+04,3.368692323443596251e+05,7.942357106327490328e+03,1.341837448542098355e+04,3.260616470102625317e+05,3.260597564346898580e+05,-2.723078692445657922e-01,4.128436795755922212e+05,4.128771492815913516e+05,-3.346970599910769550e+01,4.976694752328198956e+04,4.126459645851869136e+05,1.516459645851868845e+05,1.082193918179655157e+02,2.308054213352784529e+02,-1.499297793076483254e+00,2.308054213352784529e+02,1.000000000000000000e+00
nan,nan,nan,nan,nan,nan,nan,nan,nan,nan,nan,nan,nan,nan,nan,nan,nan,nan,nan,nan,nan,nan,nan,nan,nan
1.776526641545959592e+03,4.557791486811838113e+05,9.156250000001258105e-01,5.000000000000000000e+05,6.173556310441313690e+04,2.709911023553833948e+05,2.709830302081896807e+05,-7.589645795147062745e+04,3.439165394447275903e+05,8.218853063545615441e+03,1.341837448542098355e+04,3.327266654597968445e+05,3.327177678151802393e+05,-1.933885560391611652e+05,5.247121776214599377e+05,4.568671767394735944e+05,6.784500088198631420e+04,4.976694752328198956e+04,4.557791486811838113e+05,1.847791486811837531e+05,1.054153753434211609e+02,2.347885473012590296e+02,2.930637791960294862e+02,2.347885473012590296e+02,1.000000000000000000e+00
