{"parameter:Real:chr_flow_nom": 720.4408800154223, "parameter:Real:chr_dp_nom": 133837.48785422958}