{"parameter:Real:chr_flow_nom": 999.5663356445319, "parameter:Real:chr_dp_nom": 50106.104588249465}