{"parameter:Real:chr_flow_nom": 841.9185965657238, "parameter:Real:chr_dp_nom": 124869.68238676994}