{"parameter:Real:chr_flow_nom": 233.8272275055899, "parameter:Real:chr_dp_nom": 109463.77368410064}