{"parameter:Real:chr_flow_nom": 612.9838964163126, "parameter:Real:chr_dp_nom": 43882.0369957262}