{"parameter:Real:chr_flow_nom": 103.56846438312985, "parameter:Real:chr_dp_nom": 61426.96462191964}