{"parameter:Real:chr_flow_nom": 420.902402972555, "parameter:Real:chr_dp_nom": 124093.72878505303}