{"parameter:Real:chr_flow_nom": 788.866653594018, "parameter:Real:chr_dp_nom": 66741.78260691595}