{"parameter:Real:chr_flow_nom": 208.165791290853, "parameter:Real:chr_dp_nom": 255069.9394162317}