{"parameter:Real:chr_flow_nom": 406.23867282349823, "parameter:Real:chr_dp_nom": 242622.35319626165}