nan,nan,nan,nan,nan,nan,nan,nan,nan,nan,nan,nan,nan,nan,nan,nan,nan,nan,nan,nan,nan,nan,nan,nan,nan
7.726767821281143824e+02,4.157878767372663715e+05,4.374999993459487979e-01,5.000000000000000000e+05,7.883309081476487336e+04,2.609983121363341634e+05,2.609964979132612061e+05,-8.493430786663905019e+04,3.432804290380222374e+05,7.968350689646989622e+02,1.454365801677436821e+03,3.398314029510991531e+05,3.398297150874333456e+05,-2.406560746309358012e-01,4.159383791479864158e+05,4.159942732732174918e+05,-5.589412523107900199e+01,9.405761672677079332e+04,4.157878767372663715e+05,1.547878767372664588e+05,1.191216031904275638e+02,2.220591368731441264e+02,-1.325026421695347567e+00,2.220591368731441264e+02,1.000000000000000000e+00
nan,nan,nan,nan,nan,nan,nan,nan,nan,nan,nan,nan,nan,nan,nan,nan,nan,nan,nan,nan,nan,nan,nan,nan,nan
1.601262567685238082e+03,4.551845312845478766e+05,8.312500000143360213e-01,5.000000000000000000e+05,8.401487715707131429e+04,2.709927713581332355e+05,2.709859954041470191e+05,-8.974984913697036973e+04,3.582489731449555838e+05,7.476772298653770576e+02,1.454365801677436821e+03,3.550076485152047244e+05,3.550004198733380181e+05,-2.066343760996001074e+05,5.604993500579091487e+05,4.560684691707233433e+05,1.044308808871857618e+05,9.405761672677079332e+04,4.551845312845478766e+05,1.841845312845479057e+05,1.229742976734278415e+02,2.151005421912192048e+02,2.644790078538586044e+02,2.151005421912192048e+02,1.000000000000000000e+00
