{"parameter:Real:chr_flow_nom": 741.8200714980799, "parameter:Real:chr_dp_nom": 179278.80800034775}