{"parameter:Real:chr_flow_nom": 661.0980055594666, "parameter:Real:chr_dp_nom": 164726.6492809143}