{"parameter:Real:chr_flow_nom": 794.9265220370753, "parameter:Real:chr_dp_nom": 200550.84788525885}