{"parameter:Real:chr_flow_nom": 608.8557175642909, "parameter:Real:chr_dp_nom": 83141.77929721697}