{"parameter:Real:chr_flow_nom": 189.2175934893587, "parameter:Real:chr_dp_nom": 105945.08049150395}