{"parameter:Real:chr_flow_nom": 528.5162083622342, "parameter:Real:chr_dp_nom": 277298.6373439754}