{"parameter:Real:chr_flow_nom": 392.43244137475256, "parameter:Real:chr_dp_nom": 58745.461038335976}