{"parameter:Real:chr_flow_nom": 533.2435499383971, "parameter:Real:chr_dp_nom": 134905.5686891963}