{"parameter:Real:chr_flow_nom": 818.4556707277262, "parameter:Real:chr_dp_nom": 175636.3240829192}