{"parameter:Real:chr_flow_nom": 355.6376865456708, "parameter:Real:chr_dp_nom": 39972.088671821664}