{"parameter:Real:chr_flow_nom": 882.7316115719018, "parameter:Real:chr_dp_nom": 61937.25008311269}