{"parameter:Real:chr_flow_nom": 726.818633499864, "parameter:Real:chr_dp_nom": 22545.60903526543}