{"parameter:Real:chr_flow_nom": 548.528115128223, "parameter:Real:chr_dp_nom": 91811.7672188027}