nan,nan,nan,nan,nan,nan,nan,nan,nan,nan,nan,nan,nan,nan,nan,nan,nan,nan,nan,nan,nan,nan,nan,nan,nan
8.021760713965868490e+02,4.079874971008488210e+05,4.656250002761641027e-01,5.000000000000000000e+05,5.844277442854375840e+04,2.609981832224362006e+05,2.609963164494009106e+05,-8.255434639725529996e+04,3.408190869161161827e+05,1.864468650692939991e+04,3.301829433530612732e+04,3.194409576509799226e+05,3.194391408734160941e+05,-2.780205235865247926e-01,4.081750312741260277e+05,4.082096575770471827e+05,-3.462630292115343877e+01,5.042709844147916738e+04,4.079874971008488210e+05,1.469874971008488501e+05,1.025655858323730172e+02,2.254350709275661870e+02,-1.530751052474637275e+00,2.254350709275661870e+02,1.000000000000000000e+00
nan,nan,nan,nan,nan,nan,nan,nan,nan,nan,nan,nan,nan,nan,nan,nan,nan,nan,nan,nan,nan,nan,nan,nan,nan
1.724497665248834892e+03,4.580211552131171338e+05,8.874999999997023048e-01,5.000000000000000000e+05,5.627991012397434679e+04,2.709916158927064971e+05,2.709840236074256245e+05,-8.090323156864436169e+04,3.490989921554574394e+05,1.903161077711836697e+04,3.301829433530612732e+04,3.272715260166805238e+05,3.272631419093870209e+05,-1.977956252935884404e+05,5.237466472728095832e+05,4.590463865380460629e+05,6.470026073476359306e+04,5.042709844147916738e+04,4.580211552131171338e+05,1.870211552131171920e+05,1.006498078603003563e+02,2.277622324618527898e+02,2.843117097445327204e+02,2.277622324618527898e+02,1.000000000000000000e+00
