{"parameter:Real:chr_flow_nom": 246.68434766972283, "parameter:Real:chr_dp_nom": 160196.32975701944}