{"parameter:Real:chr_flow_nom": 114.78038449482789, "parameter:Real:chr_dp_nom": 89912.22920057028}