{"parameter:Real:chr_flow_nom": 576.5125601604141, "parameter:Real:chr_dp_nom": 87451.59649167351}