nan,nan,nan,nan,nan,nan,nan,nan,nan,nan,nan,nan,nan,nan,nan,nan,nan,nan,nan,nan,nan,nan,nan,nan,nan
8.515945921693123637e+02,4.091290299145130557e+05,4.937499999778247051e-01,5.000000000000000000e+05,5.388962338878457376e+04,2.609979547967303079e+05,2.609958972605459858e+05,-7.456828210496940301e+04,3.325539531169613474e+05,1.465409108650355847e+04,2.354900569361570160e+04,3.148875781855147798e+05,3.148855329822450876e+05,-2.946889278744611040e-01,4.093644012067036238e+05,4.093791229040863109e+05,-1.472169738277152717e+01,2.022481204589205663e+04,4.091290299145130557e+05,1.481290299145130557e+05,9.848924921016111966e+01,2.366543058438888067e+02,-1.622525490842279927e+00,2.366543058438888067e+02,1.000000000000000000e+00
nan,nan,nan,nan,nan,nan,nan,nan,nan,nan,nan,nan,nan,nan,nan,nan,nan,nan,nan,nan,nan,nan,nan,nan,nan
nan,nan,nan,nan,nan,nan,nan,nan,nan,nan,nan,nan,nan,nan,nan,nan,nan,nan,nan,nan,nan,nan,nan,nan,nan
