{"parameter:Real:chr_flow_nom": 612.6150600614897, "parameter:Real:chr_dp_nom": 251248.9320619679}