nan,nan,nan,nan,nan,nan,nan,nan,nan,nan,nan,nan,nan,nan,nan,nan,nan,nan,nan,nan,nan,nan,nan,nan,nan
7.544984552716548478e+02,4.092236000474305474e+05,4.374999999837075881e-01,5.000000000000000000e+05,7.333801010871755716e+04,2.609983887651751866e+05,2.609966634708850470e+05,-8.873956049667266780e+04,3.472150516208134359e+05,1.035575505546293243e+04,1.986973435666085061e+04,3.343363988738924963e+05,3.343347876390676829e+05,-2.374017739893486134e-01,4.093584821077537490e+05,4.094206262013625819e+05,-6.214409360883735189e+01,1.060102241677322745e+05,4.092236000474305474e+05,1.482236000474305474e+05,1.148949164217858794e+02,2.165788827409200508e+02,-1.307108592939701053e+00,2.165788827409200508e+02,1.000000000000000000e+00
1.351212878599636497e+03,3.633590805293436861e+05,9.718750000482055951e-01,5.000000000000000000e+05,5.258547953437711840e+04,2.669948527038300526e+05,2.669900706390966661e+05,2.959623436805665677e-29,3.195851143029406085e+05,1.893109665882661694e-27,1.986973435666085061e+04,3.195803322382072220e+05,3.195751849420372164e+05,-2.032969040244208300e+05,5.213540137990692165e+05,3.639885058321644901e+05,1.573655079669047263e+05,1.060102241677322745e+05,3.633590805293436861e+05,9.635908052934370062e+04,9.729021696032896216e+01,2.540694481233185323e-28,3.058120675954273793e+02,2.540694481233185323e-28,0.000000000000000000e+00
1.535531197269863696e+03,4.532208790032232064e+05,8.031249999999406919e-01,5.000000000000000000e+05,8.128399087387381587e+04,2.709933526446627220e+05,2.709870986944492906e+05,-9.532046343072039599e+04,3.640113806258836994e+05,9.431601611924104873e+03,1.986973435666085061e+04,3.522773435185365379e+05,3.522706961631992599e+05,-2.110451595739162294e+05,5.622717046074176906e+05,4.540337355997712002e+05,1.082379690076466068e+05,1.060102241677322745e+05,4.532208790032232064e+05,1.822208790032231482e+05,1.209591598734766649e+02,2.066892780204757116e+02,2.536235997399163011e+02,2.066892780204757116e+02,1.000000000000000222e+00
