{"parameter:Real:chr_flow_nom": 360.0140583336074, "parameter:Real:chr_dp_nom": 250989.3834884179}