nan,nan,nan,nan,nan,nan,nan,nan,nan,nan,nan,nan,nan,nan,nan,nan,nan,nan,nan,nan,nan,nan,nan,nan,nan
8.693442589835646004e+02,4.157830828120844672e+05,4.937499999969766074e-01,5.000000000000000000e+05,6.211528186085712514e+04,2.609978690238952986e+05,2.609957019729723979e+05,-7.028825808703129587e+04,3.281177414614403970e+05,1.836204863877379921e+03,2.805388834804840826e+03,3.231131508847525110e+05,3.231110199086478096e+05,-2.902074639765516162e-01,4.160387993116367725e+05,4.160436643360009766e+05,-4.865024364189125983e+00,6.787018419640755383e+03,4.157830828120844672e+05,1.547830828120844963e+05,1.057390691038760764e+02,2.427086694051519089e+02,-1.597851033396273657e+00,2.427086694051519089e+02,1.000000000000000000e+00
nan,nan,nan,nan,nan,nan,nan,nan,nan,nan,nan,nan,nan,nan,nan,nan,nan,nan,nan,nan,nan,nan,nan,nan,nan
nan,nan,nan,nan,nan,nan,nan,nan,nan,nan,nan,nan,nan,nan,nan,nan,nan,nan,nan,nan,nan,nan,nan,nan,nan
