{"parameter:Real:chr_flow_nom": 668.354581202254, "parameter:Real:chr_dp_nom": 200532.83521358224}