{"parameter:Real:chr_flow_nom": 754.92048250027, "parameter:Real:chr_dp_nom": 245502.07430545095}