{"parameter:Real:chr_flow_nom": 664.043419026639, "parameter:Real:chr_dp_nom": 107409.2910212263}