{"parameter:Real:chr_flow_nom": 621.309246663609, "parameter:Real:chr_dp_nom": 235817.5159769198}