{"parameter:Real:chr_flow_nom": 293.2849239472939, "parameter:Real:chr_dp_nom": 179614.9367325411}