{"parameter:Real:chr_flow_nom": 535.9981149491095, "parameter:Real:chr_dp_nom": 34445.9182611289}