{"parameter:Real:chr_flow_nom": 903.1181058391027, "parameter:Real:chr_dp_nom": 47738.95393350099}