{"parameter:Real:chr_flow_nom": 572.6378209843193, "parameter:Real:chr_dp_nom": 84620.13390966663}