{"parameter:Real:chr_flow_nom": 594.0988942447547, "parameter:Real:chr_dp_nom": 208701.01486497713}