{"parameter:Real:chr_flow_nom": 826.2797575010331, "parameter:Real:chr_dp_nom": 16657.642086903747}