{"parameter:Real:chr_flow_nom": 752.4066209669666, "parameter:Real:chr_dp_nom": 260980.00533853887}