nan,nan,nan,nan,nan,nan,nan,nan,nan,nan,nan,nan,nan,nan,nan,nan,nan,nan,nan,nan,nan,nan,nan,nan,nan
8.174947840222716877e+02,4.097983277328129043e+05,3.406249999902263847e-01,5.000000000000000000e+05,5.088231021722807782e+04,2.609981140703201527e+05,2.609962125095276861e+05,-8.103487972232754692e+04,3.392473623041150859e+05,2.458130647235936704e+04,4.271601096693569707e+04,3.118804242875482887e+05,3.118785383578684414e+05,-3.051881131065292130e-01,4.100122107977985870e+05,4.100289443168672733e+05,-1.673351906872098382e+01,2.219631504597720050e+04,4.097983277328129043e+05,1.487983277328128752e+05,9.570170238350543457e+01,2.275770118914255704e+02,-1.680332873681456229e+00,2.275770118914255704e+02,1.000000000000000000e+00
nan,nan,nan,nan,nan,nan,nan,nan,nan,nan,nan,nan,nan,nan,nan,nan,nan,nan,nan,nan,nan,nan,nan,nan,nan
1.858968794532970833e+03,4.582276266049948172e+05,6.906250000211177076e-01,5.000000000000000000e+05,3.657563750497178989e+04,2.709902573790703318e+05,2.709816787263124133e+05,-7.071322272844854160e+04,3.385444555912623764e+05,2.781953612795463778e+04,4.271601096693569707e+04,3.075658948840424418e+05,3.075561522631127737e+05,-1.863730628663230746e+05,4.924092405069596716e+05,4.594189806531178183e+05,3.299025985384192609e+04,2.219631504597720050e+04,4.582276266049948172e+05,1.872276266049947881e+05,8.111838965809738511e+01,2.421033797010495903e+02,3.060033277885068514e+02,2.421033797010495903e+02,1.000000000000000888e+00
