{"parameter:Real:chr_flow_nom": 141.9495280063083, "parameter:Real:chr_dp_nom": 87882.73147735764}