{"parameter:Real:chr_flow_nom": 888.9759369994363, "parameter:Real:chr_dp_nom": 236097.21671415155}