{"centers_norm": [[0.8286238355600769, 0.10080051486261547], [0.0007945214332858254, 0.6015606386351777]], "population": [2250, 750], "centers_org": [[126.82458991886205, 0.657278761651974], [25.13616001691845, 1.4030122524290898]]}