{"parameter:Real:chr_flow_nom": 755.9109958224748, "parameter:Real:chr_dp_nom": 233509.13144438216}