{"parameter:Real:chr_flow_nom": 316.48947006023036, "parameter:Real:chr_dp_nom": 67633.25448294236}