{"parameter:Real:chr_flow_nom": 555.7106429049651, "parameter:Real:chr_dp_nom": 235489.16276655387}