{"parameter:Real:chr_flow_nom": 152.30153924239295, "parameter:Real:chr_dp_nom": 45596.586997333034}