{"parameter:Real:chr_flow_nom": 121.19822765226492, "parameter:Real:chr_dp_nom": 25589.41546051334}