{"parameter:Real:chr_flow_nom": 291.8017578445165, "parameter:Real:chr_dp_nom": 138262.72130910977}