{"parameter:Real:chr_flow_nom": 381.17551238572145, "parameter:Real:chr_dp_nom": 102579.75264384696}