{"parameter:Real:chr_flow_nom": 373.4222153212856, "parameter:Real:chr_dp_nom": 244702.59145911396}