{"parameter:Real:chr_flow_nom": 510.0906154745199, "parameter:Real:chr_dp_nom": 130002.96480658125}