{"parameter:Real:chr_flow_nom": 756.2577157022583, "parameter:Real:chr_dp_nom": 48100.90284520871}