{"centers_norm": [[0.9976294410891334, 0.09546502474121614], [0.0019582925132080645, 0.578868501915845]], "population": [1500, 1500], "centers_org": [[147.58480507143247, 0.6494300297710354], [25.279114671776753, 1.369806600137041]]}