nan,nan,nan,nan,nan,nan,nan,nan,nan,nan,nan,nan,nan,nan,nan,nan,nan,nan,nan,nan,nan,nan,nan,nan,nan
7.262180187620681409e+02,4.155850509487544186e+05,4.093749999997300937e-01,5.000000000000000000e+05,6.789789536579092965e+04,2.609985036877233943e+05,2.609969032148147526e+05,-9.412343083987255523e+04,3.527828199733757065e+05,2.154730631889085998e+04,4.459144810931376560e+04,3.288963990535144112e+05,3.288949027412377764e+05,-2.724094267340906872e-01,4.157134578948824783e+05,4.157680240625460283e+05,-5.456616766347018910e+01,8.110551056080660783e+04,4.155850509487544186e+05,1.545850509487543604e+05,1.105514412653329828e+02,2.085412437686892133e+02,-1.499856957673296076e+00,2.085412437686892133e+02,1.000000000000000222e+00
nan,nan,nan,nan,nan,nan,nan,nan,nan,nan,nan,nan,nan,nan,nan,nan,nan,nan,nan,nan,nan,nan,nan,nan,nan
1.593719367394309074e+03,4.516109783734083758e+05,8.312499999670407425e-01,5.000000000000000000e+05,6.440998293869160261e+04,2.709928393028437276e+05,2.709862416977153043e+05,-9.161072019769222243e+04,3.601734071845678263e+05,2.234043257859280857e+04,4.459144810931376560e+04,3.354028222415357595e+05,3.353956615443794872e+05,-2.072514473286198045e+05,5.415244297511825571e+05,4.524866077965465374e+05,8.903782195463604876e+04,8.110551056080660783e+04,4.516109783734083758e+05,1.806109783734084049e+05,1.076744952575329535e+02,2.123446168307008293e+02,2.629879223453301620e+02,2.123446168307008293e+02,1.000000000000000000e+00
