{"parameter:Real:chr_flow_nom": 671.0129403312166, "parameter:Real:chr_dp_nom": 220570.21704128783}