{"parameter:Real:chr_flow_nom": 755.6426013268258, "parameter:Real:chr_dp_nom": 59490.13855172209}