{"parameter:Real:chr_flow_nom": 589.8870948843106, "parameter:Real:chr_dp_nom": 190549.52424887268}