{"parameter:Real:chr_flow_nom": 571.2559416459314, "parameter:Real:chr_dp_nom": 170764.60129352612}