{"parameter:Real:chr_flow_nom": 553.5547406193708, "parameter:Real:chr_dp_nom": 125795.21913051946}