{"parameter:Real:chr_flow_nom": 573.6757164586252, "parameter:Real:chr_dp_nom": 35763.82419607316}