{"parameter:Real:chr_flow_nom": 935.1712432457497, "parameter:Real:chr_dp_nom": 265218.56340427964}