{"parameter:Real:chr_flow_nom": 942.1584803456989, "parameter:Real:chr_dp_nom": 204210.89639856474}