{"parameter:Real:chr_flow_nom": 981.1136844041623, "parameter:Real:chr_dp_nom": 205697.18155366325}