{"parameter:Real:chr_flow_nom": 740.4081983788067, "parameter:Real:chr_dp_nom": 89024.49945632766}