{"parameter:Real:chr_flow_nom": 522.6150342195431, "parameter:Real:chr_dp_nom": 75236.56716996909}