{"parameter:Real:chr_flow_nom": 795.4465197252348, "parameter:Real:chr_dp_nom": 157604.02231777893}