nan,nan,nan,nan,nan,nan,nan,nan,nan,nan,nan,nan,nan,nan,nan,nan,nan,nan,nan,nan,nan,nan,nan,nan,nan
8.643836730581924712e+02,4.115044244092953159e+05,4.937499999924171989e-01,5.000000000000000000e+05,6.113126758748816792e+04,2.609978931902540498e+05,2.609957518226561078e+05,-7.127881948070709768e+04,3.291450123935295851e+05,3.884151275764601905e+03,6.003794676506812721e+03,3.221291607777421596e+05,3.221270539679962094e+05,-2.806430886755600929e-01,4.117618975784337963e+05,4.117620508054754464e+05,-1.532270416532892920e-01,2.210593967999467111e+02,4.115044244092953159e+05,1.505044244092953450e+05,1.048981799925426230e+02,2.412994916736532787e+02,-1.545190613333081497e+00,2.412994916736532787e+02,1.000000000000000000e+00
nan,nan,nan,nan,nan,nan,nan,nan,nan,nan,nan,nan,nan,nan,nan,nan,nan,nan,nan,nan,nan,nan,nan,nan,nan
nan,nan,nan,nan,nan,nan,nan,nan,nan,nan,nan,nan,nan,nan,nan,nan,nan,nan,nan,nan,nan,nan,nan,nan,nan
