{"parameter:Real:chr_flow_nom": 935.317511220299, "parameter:Real:chr_dp_nom": 86616.4614559564}