{"parameter:Real:chr_flow_nom": 962.9791846310915, "parameter:Real:chr_dp_nom": 198121.83944963978}