{"parameter:Real:chr_flow_nom": 694.308567706647, "parameter:Real:chr_dp_nom": 282709.0774996607}