{"parameter:Real:chr_flow_nom": 555.5729748276722, "parameter:Real:chr_dp_nom": 106636.52288815618}