{"parameter:Real:chr_flow_nom": 709.350524636087, "parameter:Real:chr_dp_nom": 149714.26743266406}