{"parameter:Real:chr_flow_nom": 114.96957232163862, "parameter:Real:chr_dp_nom": 230725.7112119348}