{"parameter:Real:chr_flow_nom": 180.43479448479502, "parameter:Real:chr_dp_nom": 277228.7206964554}