{"parameter:Real:chr_flow_nom": 418.58744438517664, "parameter:Real:chr_dp_nom": 275527.11283392675}