{"parameter:Real:chr_flow_nom": 129.2922218246705, "parameter:Real:chr_dp_nom": 147970.24594267886}