nan,nan,nan,nan,nan,nan,nan,nan,nan,nan,nan,nan,nan,nan,nan,nan,nan,nan,nan,nan,nan,nan,nan,nan,nan
8.423276625295279700e+02,4.098332880852831295e+05,8.874999999960043739e-01,5.000000000000000000e+05,6.670157765839477361e+04,2.609979988031276444e+05,2.609959334095400409e+05,-7.433949890776084794e+04,3.323170141115004662e+05,1.596953990221998993e+03,2.559327237143548700e+03,3.276995764615221415e+05,3.276975752646497567e+05,-2.592348339360235898e-01,4.100441471467484953e+05,4.100779998535208288e+05,-3.385270677231495995e+01,5.287879876413188322e+04,4.098332880852831295e+05,1.488332880852831004e+05,1.095731900535485011e+02,2.369760997275259911e+02,-1.427319068990090090e+00,2.369760997275259911e+02,1.000000000000000000e+00
nan,nan,nan,nan,nan,nan,nan,nan,nan,nan,nan,nan,nan,nan,nan,nan,nan,nan,nan,nan,nan,nan,nan,nan,nan
nan,nan,nan,nan,nan,nan,nan,nan,nan,nan,nan,nan,nan,nan,nan,nan,nan,nan,nan,nan,nan,nan,nan,nan,nan
