{"parameter:Real:chr_flow_nom": 574.0352665476223, "parameter:Real:chr_dp_nom": 261050.53549443456}