{"parameter:Real:chr_flow_nom": 891.3473876326545, "parameter:Real:chr_dp_nom": 261046.88245213407}