{"parameter:Real:chr_flow_nom": 388.7155517115637, "parameter:Real:chr_dp_nom": 62196.63555271873}