{"parameter:Real:chr_flow_nom": 293.78219235786264, "parameter:Real:chr_dp_nom": 96043.03266867733}