{"parameter:Real:chr_flow_nom": 512.6474452330632, "parameter:Real:chr_dp_nom": 176597.7215458457}