{"parameter:Real:chr_flow_nom": 600.8799771841436, "parameter:Real:chr_dp_nom": 255284.89188660381}