{"parameter:Real:chr_flow_nom": 271.04948973287105, "parameter:Real:chr_dp_nom": 209551.31480410224}