{"parameter:Real:chr_flow_nom": 478.5992571733284, "parameter:Real:chr_dp_nom": 26844.777842791227}