{"parameter:Real:chr_flow_nom": 686.7857859708029, "parameter:Real:chr_dp_nom": 31527.922483658658}