{"parameter:Real:chr_flow_nom": 968.1715124273098, "parameter:Real:chr_dp_nom": 132690.66611791184}