{"parameter:Real:chr_flow_nom": 901.3497696610965, "parameter:Real:chr_dp_nom": 219500.89141774125}