{"parameter:Real:chr_flow_nom": 468.7139505955166, "parameter:Real:chr_dp_nom": 133407.69819867282}