{"parameter:Real:chr_flow_nom": 169.1609324480582, "parameter:Real:chr_dp_nom": 75996.55167162302}