{"parameter:Real:chr_flow_nom": 416.03111313152687, "parameter:Real:chr_dp_nom": 200837.89587956484}