{"parameter:Real:chr_flow_nom": 443.1749201050698, "parameter:Real:chr_dp_nom": 241355.32526632145}