nan,nan,nan,nan,nan,nan,nan,nan,nan,nan,nan,nan,nan,nan,nan,nan,nan,nan,nan,nan,nan,nan,nan,nan,nan
7.603661052952948012e+02,4.118709566340364981e+05,4.375000000427721747e-01,5.000000000000000000e+05,7.468043931729563337e+04,2.609983642660762125e+05,2.609966118041765003e+05,-8.757032148271141341e+04,3.460060871711060172e+05,7.764684958835539874e+03,1.466740162077040441e+04,3.356788035833717440e+05,3.356771678494479856e+05,-2.413359818145776048e-01,4.120125948486640118e+05,4.120709786040806212e+05,-5.838375541659903689e+01,9.796998995753243798e+04,4.118709566340364981e+05,1.508709566340364981e+05,1.159417055123531242e+02,2.182762995311498457e+02,-1.328769917403932244e+00,2.182762995311498457e+02,1.000000000000000000e+00
nan,nan,nan,nan,nan,nan,nan,nan,nan,nan,nan,nan,nan,nan,nan,nan,nan,nan,nan,nan,nan,nan,nan,nan,nan
1.578697130091652298e+03,4.511957810706587043e+05,8.312499999995739408e-01,5.000000000000000000e+05,7.973264956660605094e+04,2.709929736586451181e+05,2.709863985053564538e+05,-9.189288519791432191e+04,3.604653534194784588e+05,7.319224708868015114e+03,1.466740162077040441e+04,3.507256232252510381e+05,3.507185968838961562e+05,-2.081693919395098928e+05,5.577843321740374668e+05,4.520549811028692639e+05,1.057293510711682175e+05,9.796998995753243798e+04,4.511957810706587043e+05,1.801957810706587625e+05,1.197993193719776173e+02,2.119225656417412722e+02,2.607503938335468661e+02,2.119225656417412722e+02,1.000000000000000000e+00
