{"parameter:Real:chr_flow_nom": 122.51619119098046, "parameter:Real:chr_dp_nom": 136823.95783915312}