{"parameter:Real:chr_flow_nom": 830.4163960703302, "parameter:Real:chr_dp_nom": 176563.92474440383}