nan,nan,nan,nan,nan,nan,nan,nan,nan,nan,nan,nan,nan,nan,nan,nan,nan,nan,nan,nan,nan,nan,nan,nan,nan
7.784922218048075138e+02,4.091784304391146870e+05,4.499999999970100140e-01,5.000000000000000000e+05,5.290798808113202540e+04,2.609982871680601966e+05,2.609965356039204053e+05,-8.749876495619045454e+04,3.459320265020238585e+05,2.946072557933933058e+04,5.559826291706549091e+04,3.139062752491921419e+05,3.139045624172523385e+05,-2.974919019052481017e-01,4.093562572469228762e+05,4.093878801631648676e+05,-3.162291624197417050e+01,4.303378013103739795e+04,4.091784304391146870e+05,1.481784304391147161e+05,9.758810303824827770e+01,2.183797490714316041e+02,-1.637958363899045588e+00,2.183797490714316041e+02,1.000000000000000000e+00
nan,nan,nan,nan,nan,nan,nan,nan,nan,nan,nan,nan,nan,nan,nan,nan,nan,nan,nan,nan,nan,nan,nan,nan,nan
1.720553048263023811e+03,4.571212745081399335e+05,8.875000000048629545e-01,5.000000000000000000e+05,4.509904358408026746e+04,2.709916542044631788e+05,2.709841820371002541e+05,-8.215623492163509945e+04,3.503952040376260993e+05,3.155182110570633085e+04,5.559826291706549091e+04,3.160906977885433589e+05,3.160823519930065377e+05,-1.982292100078105577e+05,5.130077214150676737e+05,4.581418209678003332e+05,5.486590044726736960e+04,4.303378013103739795e+04,4.571212745081399335e+05,1.861212745081399917e+05,9.009898914601899378e+01,2.259970960404833988e+02,2.834133011788536578e+02,2.259970960404833988e+02,9.999999999999994449e-01
