{"parameter:Real:chr_flow_nom": 291.2708316484814, "parameter:Real:chr_dp_nom": 281352.1381276826}