nan,nan,nan,nan,nan,nan,nan,nan,nan,nan,nan,nan,nan,nan,nan,nan,nan,nan,nan,nan,nan,nan,nan,nan,nan
8.080710863814234699e+02,4.111256190754969721e+05,4.656250000014338086e-01,5.000000000000000000e+05,5.926322780556984071e+04,2.609981567886528792e+05,2.609962628393401101e+05,-8.140058826294634491e+04,3.396257009963401943e+05,1.659127229143541626e+04,2.896226122157693317e+04,3.202613845942228218e+05,3.202595413828756427e+05,-2.847934956178052035e-01,4.113204567111948272e+05,4.113510119462424191e+05,-3.055523504757119824e+01,4.343827701977328252e+04,4.111256190754969721e+05,1.501256190754970012e+05,1.032830141165650417e+02,2.270622133959638802e+02,-1.568042306845062406e+00,2.270622133959638802e+02,1.000000000000000000e+00
nan,nan,nan,nan,nan,nan,nan,nan,nan,nan,nan,nan,nan,nan,nan,nan,nan,nan,nan,nan,nan,nan,nan,nan,nan
1.794322907471425196e+03,4.512229239467611769e+05,9.437499999999420242e-01,5.000000000000000000e+05,5.122019827167553012e+04,2.709909231990997214e+05,2.709827788329546456e+05,-7.512177767859431333e+04,3.431140891747527057e+05,1.790435594122700422e+04,2.896226122157693317e+04,3.222111214707750478e+05,3.222020446698748274e+05,-1.919129106657031225e+05,5.126938852408553357e+05,4.523328597201661905e+05,6.036102552068912337e+04,4.343827701977328252e+04,4.512229239467611769e+05,1.802229239467612060e+05,9.601893401252482363e+01,2.358763360616038938e+02,2.958800824411441681e+02,2.358763360616038938e+02,1.000000000000000000e+00
