nan,nan,nan,nan,nan,nan,nan,nan,nan,nan,nan,nan,nan,nan,nan,nan,nan,nan,nan,nan,nan,nan,nan,nan,nan
8.400968462213791099e+02,4.149991897228723974e+05,6.624999991963638202e-01,5.000000000000000000e+05,5.919125614069241419e+04,2.609980093166834849e+05,2.609959808995341882e+05,-7.578677521871171484e+04,3.338159205149757327e+05,1.065779097784352052e+04,1.737746981684690763e+04,3.201892654573759064e+05,3.201872747740593622e+05,-2.963368991956881748e-01,4.152382580625935807e+05,4.152426158650565194e+05,-4.357802462889231343e+00,5.953436372573616609e+03,4.149991897228723974e+05,1.539991897228723974e+05,1.032202795255110459e+02,2.349424982901153669e+02,-1.631599043405500327e+00,2.349424982901153669e+02,1.000000000000000000e+00
nan,nan,nan,nan,nan,nan,nan,nan,nan,nan,nan,nan,nan,nan,nan,nan,nan,nan,nan,nan,nan,nan,nan,nan,nan
nan,nan,nan,nan,nan,nan,nan,nan,nan,nan,nan,nan,nan,nan,nan,nan,nan,nan,nan,nan,nan,nan,nan,nan,nan
