{"parameter:Real:chr_flow_nom": 963.0390673157685, "parameter:Real:chr_dp_nom": 84825.74279757509}