nan,nan,nan,nan,nan,nan,nan,nan,nan,nan,nan,nan,nan,nan,nan,nan,nan,nan,nan,nan,nan,nan,nan,nan,nan
8.198553811669806919e+02,4.159221276233920944e+05,4.656250000085623841e-01,5.000000000000000000e+05,6.325019050710390729e+04,2.609981032809040044e+05,2.609961460150463972e+05,-7.875533630205335794e+04,3.368888728692778386e+05,9.776012310338164752e+03,1.652009216387910419e+04,3.242482937880078098e+05,3.242463970689118141e+05,-2.871735865621408146e-01,4.161270896235830151e+05,4.161540635664489237e+05,-2.697394286588015433e+01,3.802862769100402511e+04,4.159221276233920944e+05,1.549221276233920944e+05,1.067006761519284055e+02,2.307787898440906531e+02,-1.581146831183867674e+00,2.307787898440906531e+02,1.000000000000000000e+00
nan,nan,nan,nan,nan,nan,nan,nan,nan,nan,nan,nan,nan,nan,nan,nan,nan,nan,nan,nan,nan,nan,nan,nan,nan
1.825746228149871968e+03,4.580565524344303994e+05,9.437499999999600098e-01,5.000000000000000000e+05,5.523404669583466602e+04,2.709906024979268550e+05,2.709821527452783193e+05,-7.204542291053892404e+04,3.399261428158596391e+05,1.059161096746295516e+04,1.652009216387910419e+04,3.262246491937616956e+05,3.262152516916886088e+05,-1.891531603736980760e+05,5.138976441277145641e+05,4.592057044149772264e+05,5.469193971273732313e+04,3.802862769100402511e+04,4.580565524344303994e+05,1.870565524344303994e+05,9.971022217029828028e+01,2.402127372589880281e+02,3.010093998537133189e+02,2.402127372589880281e+02,1.000000000000000000e+00
