{"parameter:Real:chr_flow_nom": 926.3736932412447, "parameter:Real:chr_dp_nom": 134065.60468078364}