nan,nan,nan,nan,nan,nan,nan,nan,nan,nan,nan,nan,nan,nan,nan,nan,nan,nan,nan,nan,nan,nan,nan,nan,nan
7.683347511383406072e+02,4.143944022695366293e+05,4.374999999992807975e-01,5.000000000000000000e+05,7.882640763928393426e+04,2.609983306353325606e+05,2.609965338689345226e+05,-8.568516709100213484e+04,3.440568546409045230e+05,1.605473228360994881e+03,2.958775495483022496e+03,3.398247382746165385e+05,3.398230689099490992e+05,-2.364775585940895042e-01,4.145390890867619892e+05,4.145985366979122628e+05,-5.944761115027827714e+01,1.018071691518428561e+05,4.143944022695366293e+05,1.533944022695366293e+05,1.191165537407421198e+02,2.209870284480480791e+02,-1.302019962536608455e+00,2.209870284480480791e+02,1.000000000000000000e+00
nan,nan,nan,nan,nan,nan,nan,nan,nan,nan,nan,nan,nan,nan,nan,nan,nan,nan,nan,nan,nan,nan,nan,nan,nan
1.582599217742401834e+03,4.513172543739849934e+05,8.312499999888671720e-01,5.000000000000000000e+05,8.489456459484166407e+04,2.709929388815073762e+05,2.709863038278971217e+05,-9.126781881484111364e+04,3.598188816748354584e+05,1.489502128268370598e+03,2.958775495483022496e+03,3.558875034763489966e+05,3.558804423578563728e+05,-2.078792296726670465e+05,5.626499998632123461e+05,4.521807070487020537e+05,1.104692928145102633e+05,1.018071691518428561e+05,4.513172543739849934e+05,1.803172543739850516e+05,1.236164294382890603e+02,2.128559586057760100e+02,2.614600425824172589e+02,2.128559586057760100e+02,9.999999999999997780e-01
