{"parameter:Real:chr_flow_nom": 474.3254543025336, "parameter:Real:chr_dp_nom": 100712.06084807905}