{"parameter:Real:chr_flow_nom": 957.139482929022, "parameter:Real:chr_dp_nom": 183360.37261388055}