{"parameter:Real:chr_flow_nom": 568.4665273542437, "parameter:Real:chr_dp_nom": 125069.42299543555}