{"centers_norm": [[0.3258912982583616, 0.3754225287890869], [0.8939523349300122, 0.6819647958452855], [0.780426540425421, 0.8816135935677601]], "population": [750, 1272, 978], "centers_org": [[66.7936847698146, 1.0249641106224519], [136.7347936573431, 1.3943342465938346], [122.75721124558137, 1.6349023883690568]]}