{"parameter:Real:chr_flow_nom": 440.9087811205037, "parameter:Real:chr_dp_nom": 162999.65029885847}