{"parameter:Real:chr_flow_nom": 595.1893588153052, "parameter:Real:chr_dp_nom": 204828.27467057004}