{"parameter:Real:chr_flow_nom": 541.3030509780082, "parameter:Real:chr_dp_nom": 159499.61987770515}