{"parameter:Real:chr_flow_nom": 294.18446859469077, "parameter:Real:chr_dp_nom": 142018.79576947936}